# callgrind format
version: 1
creator: callgrind-3.18.1
pid: 9
cmd:  ./mm 256 16
part: 1


desc: I1 cache: 32768 B, 64 B, 8-way associative
desc: D1 cache: 32768 B, 64 B, 8-way associative
desc: LL cache: 262144 B, 64 B, 8-way associative

desc: Timerange: Basic block 0 - 19172350
desc: Trigger: Program termination

positions: line
events: Ir Dr Dw I1mr D1mr D1mw ILmr DLmr DLmw
summary: 144085285 35889129 18139290 1540 16869538 33462 1533 16862615 33417


ob=(1) /usr/lib/x86_64-linux-gnu/ld-linux-x86-64.so.2
fl=(68) ./elf/./elf/dl-cache.c
fn=(468) _dl_unload_cache
537 1 0 0 1 0 0 1
+1 4 1 0 0 1
-1 1
+3 2 1 1 0 1
cfi=(72) ./misc/../sysdeps/unix/syscall-template.S
cfn=(470) munmap
calls=1 117 
* 6 1 0 1 0 0 1
+1 1 0 1 1 0 0 1
+4 1 0 1
+2 2 1

fn=(230) _dl_cache_libcmp
370 3 0 0 1 0 0 1
+1 3 3
+32 3 3 0 0 3 0 0 3
-33 6
+1 8 0 0 1 0 0 1
+2 18
+2 18
-2 36
+20 34
+2 34
-12 15 15
+2 15 15
+14 15
+1 15
-29 30
+32 3 1
-28 2 0 0 1 0 0 1
+8 1 1
-2 2
+1 2
-1 1
+2 3
+2 1 1
-3 1
+3 3
+2 2
+9 6 2 0 1 0 0 1

fn=(222) _dl_load_cache_lookup
416 10 0 6 1 0 0 1
+2 2 1
+3 3 1 0 1 0 0 1
+74 1 1
208 1 1
495 2
+3 3 1 1
fi=(70) ./elf/../sysdeps/x86/dl-procinfo.h
39 2 0 0 1 0 0 1
+3 3 0 2
cfi=(32) ./string/../sysdeps/x86_64/strcmp.S
cfn=(90) strcmp
calls=1 +66 
* 25 7
* 4 0 1 0 0 1 0 0 1
fe=(68)
212 6 0 2 1 0 0 1
cfi=(10) ./elf/./elf/dl-tunables.c
cfn=(24) __tunable_get_val
calls=1 405 
* 21 4 1

ob=(5) /mnt/c/Users/MARCOS/Desktop/DECIMO_CUATRI/SEMA/SEMApracticas/RETO2/code/sea-mm-valgrind-cacti/src/mm
fl=(157) /mnt/c/Users/MARCOS/Desktop/DECIMO_CUATRI/SEMA/SEMApracticas/RETO2/code/sea-mm-valgrind-cacti/src/mm.c
fn=(628) setmat
22 2 0 0 1 0 0 1
+3 4
-3 2 0 2
+5 2
-5 2 0 2
+5 4
-5 10 0 6
+5 2
-5 2 0 2
+3 2
-3 4
+4 1024
+1 2560 0 512 1 0 0 1
cob=(2) ???
cfi=(51) ???
cfn=(630) 0x00000000001090f0
calls=512 -27 
* 69632 1536 34816 4 0 16385 4 0 16385
-2 2048
+3 16 14 0 0 2 0 0 2

fn=(640) fillmat
31 18 0 14 1 0 0 1
+3 14
+1 4608 512
+1 512 0 512 1 0 0 1
cob=(2)
cfi=(51)
cfn=(642) 0x0000000000109150
calls=512 -36 
* 30652 8192 4096 6 2 1 6 2 1
* 130560 0 130560
cob=(2)
cfi=(51)
cfn=(642)
calls=130560 -36 
* 7816756 2088960 1044480
* 131072
-1 131072
+1 393216 131072 131072 0 1 16386 0 1 16386
-1 262144
-1 2048
+3 16 14 0 0 2 0 0 2

fn=(654) mm_basic
40 1 0 0 1 0 0 1
+3 2
-3 6 0 2
+3 1
-3 6 0 1
+4 4
+2 6 3 0 1 3 0 1 3
-1 2
+1 2 0 1
-1 2
-1 1020
+2 1530 765 0 0 255 0 0 255
-1 510
+1 510 0 255
-1 510
+1 391680 195840 0 0 75264 0 0 75264
-1 130560
+1 130560 0 65280
-1 130560
+1 33423360 33423360 0 0 16792320 0 0 16785664
-1 33423360
+1 33423360 0 16711680
-1 33423360
-1 458240 0 0 1 0 0 1
-1 2046
+4 4 4 0 0 1 0 0 1

ob=(1)
fl=(68)
fn=(222)
212 1 1
+16 2 0 1
-16 1 0 1 1 0 0 1
+6 2 1 1
+10 1
-7 5
+9 3 1
+1 1
-37 2
+37 1 1 0 0 1 0 0 1
+4 2 1
-5 3 1
+1 1
-37 2
+37 1 1 0 0 1 0 0 1
+4 2 1
+4 6 0 2 1 0 0 1
cfn=(230)
calls=2 370 
* 206 30 0 4 2 0 4 2
+1 4
359 1
+1 1
228 5 1 1 1 0 0 1
+2 5 1
+20 2 1 0 0 1 0 0 1
+3 2
+2 4 0 1
cfn=(230)
calls=1 370 
* 74 11 0 0 1 0 0 1
* 2
-7 2 0 0 1 0 0 1
-30 2 2
+1 1
+95 1 0 1
-95 1
-1 8 1 3 1 0 0 1
+96 3 1
-47 2
+10 2 1 0 1 0 0 1
+1 3 1
fi=(69) ./elf/../sysdeps/generic/dl-cache.h
125 5 1 0 1 0 0 1
fe=(68)
294 2
+9 2 1
+3 2 1
+2 3 1
+1 2 1
+5 2 0 0 1 0 0 1
+1 4 1
+7 2
+21 4 1 1
513 2 1
+12 2 1 1 1 0 0 1
cfi=(22) ./string/../sysdeps/x86_64/multiarch/strlen-vec.S
cfn=(60) strlen
calls=1 41 
* 35 5
* 12 0 0 1 0 0 1
+1 1 1
-1 1
+1 1
-1 1
+1 1 0 1
cfi=(29) ./string/../sysdeps/x86_64/multiarch/memmove-vec-unaligned-erms.S
cfn=(80) memcpy
calls=1 212 
* 11 3 2
* 1
+1 1 0 1
cfi=(45) ./string/./string/strdup.c
cfn=(140) strdup
calls=1 40 
* 89 16 11
+1 8 7
-3 2 0 1
424 4 0 1 1 0 0 1
cfi=(54) ./elf/./elf/dl-misc.c
cfn=(224) _dl_sysdep_read_whole_file
calls=1 36 
* 91 10 10 2 0 1 2 0 1
* 1
+8 5 1 0 1 0 0 1
+1 8 3 0 0 1 0 0 1
+3 4 0 0 1 0 0 1
+1 1 1
-1 3
fi=(69)
194 1 1
+1 5
fe=(68)
444 1 0 1 1 0 0 1
+1 2 0 1

fl=(54)
fn=(224)
36 2 0 1 1 0 0 1
+3 1
-3 6 0 3
+3 1
-3 1
+3 1 0 1
cfi=(55) ./io/../sysdeps/unix/sysv/linux/open64_nocancel.c
cfn=(178) __open_nocancel
calls=1 -11 
* 19 1 1
+1 2
+23 7 5
-21 4 0 1 1 0 0 1
cfi=(58) ./io/../sysdeps/unix/sysv/linux/fstat64.c
cfn=(190) fstat
calls=1 -13 
* 15 1
* 2

ob=(5)
fl=(157)
fn=(540) main
67 12 1 7 2 0 0 2
+4 2
fi=(158) /usr/include/stdlib.h
364 4 1 1
cob=(2)
cfi=(51)
cfn=(544) 0x0000000000109120
calls=1 0 
* 146 22 10 12 3 0 12 1
* 6 1 1
cob=(2)
cfi=(51)
cfn=(544)
calls=1 0 
* 127 21 10
fi=(161) /usr/include/x86_64-linux-gnu/bits/stdio2.h
112 3
fi=(158)
364 2 0 0 1 0 0 1
fi=(161)
112 4 0 1
cob=(2)
cfi=(51)
cfn=(552) 0x0000000000109130
calls=1 0 
* 3920 585 604 164 38 49 164 16 47
fe=(157)
-33 5
+6 5 0 1
cob=(2)
cfi=(51)
cfn=(620) 0x0000000000109110
calls=1 -85 
* 305 65 50 14 0 1 14 0 1
+1 2
-1 1 0 0 1 0 0 1
+1 1 0 1
cob=(2)
cfi=(51)
cfn=(620)
calls=1 -86 
* 305 65 50 0 0 1 0 0 1
+1 2
-1 1
+1 1 0 1
cob=(2)
cfi=(51)
cfn=(620)
calls=1 -87 
* 305 65 50 0 0 1 0 0 1
+1 2
-1 1
+1 1 0 1
cob=(2)
cfi=(51)
cfn=(620)
calls=1 -88 
* 305 65 50 0 0 1 0 0 1
* 1
+1 2
+6 3
+8 1
-8 1 0 1 1 0 0 1
cfn=(628)
calls=1 -73 
* 37658 775 17670 6 1 8192 6 1 8192
+1 4 0 1
cfn=(628)
calls=1 -74 
* 37658 775 17670 0 1 8193 0 1 8193
+2 2 0 1
cob=(2)
cfi=(51)
cfn=(634) 0x0000000000109100
calls=1 -98 
* 6848 1559 656 7 2 3 7 2 3
+2 4 0 1
cfn=(640)
calls=1 -69 
* 4451344 1114375 655367 8 4 8194 8 4 8194
+1 4 0 1
cfn=(640)
calls=1 -70 
* 4451344 1114375 655367 0 1 8193 0 1 8193
+2 3 0 1
cob=(2)
cfi=(51)
cfn=(650) 0x00000000001090d0
calls=1 0 
* 13 4 0 2 3 0 2 3
* 6 0 1 1 0 0 1
cfn=(654)
calls=1 -63 
* 134941202 33619972 16777219 3 16867843 0 3 16861187
* 3 0 1
cob=(2)
cfi=(51)
cfn=(650)
calls=1 0 
* 13 4 0 0 3 0 0 3
* 8 4
fi=(161)
+9 2 0 0 1 0 0 1
fe=(157)
-9 1 1 0 0 1 0 0 1
fi=(161)
+9 1
fe=(157)
-9 1
fi=(161)
+9 1 0 1
cob=(2)
cfi=(51)
cfn=(552)
calls=1 0 
* 1690 344 259 83 29 20 83 29 20
fe=(157)
-8 3 0 1
cob=(2)
cfi=(51)
cfn=(650)
calls=1 0 
* 13 4
* 3 0 1
cob=(2)
cfi=(51)
cfn=(650)
calls=1 0 
* 13 4
* 8 4 0 1 0 0 1
fi=(161)
+8 2
fe=(157)
-8 1 1
fi=(161)
+8 1
fe=(157)
-8 1
fi=(161)
+8 1 0 1
cob=(2)
cfi=(51)
cfn=(552)
calls=1 0 
* 1870 366 280 27 7 2 27 7 2
fe=(157)
-6 4 0 1 1 0 0 1
cfn=(686) checkmm
calls=1 -52 
* 3495 751 500 31 5 2 31 5 2
+1 12 9 0 0 2 0 0 2

fn=(686)
54 1 0 0 1 0 0 1
+2 6
-2 2
+4 6 2 0 0 2 0 0 2
fi=(161)
+54 6 0 0 1 0 0 1
cob=(2)
cfi=(51)
cfn=(552)
calls=1 0 
* 3474 749 500 29 3 2 29 3 2
fe=(157)

fl=(150) ???
fn=(724) 0x0000000000001400
0 5 1

fn=(708) 0x0000000000001470
0 9 3 2 1 1 0 1 1
cob=(2)
cfi=(51)
cfn=(714) 0x00000000001090c0
calls=1 0 
0 74 19 12 7 2 1 7 2 1
0 1 0 1
cfn=(724)
calls=1 0 
0 5 1
0 3 2 1

fn=(508) (below main)
0 12 2 3 1 0 0 1
cob=(3) /usr/lib/x86_64-linux-gnu/libc.so.6
cfi=(151) ./csu/../csu/libc-start.c
cfn=(510) __libc_start_main@@GLIBC_2.34
calls=1 242 
0 143941283 35854919 18126300 499 16868004 32870 499 16861316 32861

fn=(520) 0x00000000000014b0
0 12 1 0 3 0 0 3

ob=(1)
fl=(54)
fn=(224)
44 2 1 1 0 0 1 0 0 1
+3 2
+13 2 0 1
cfi=(64) ./io/../sysdeps/unix/sysv/linux/close_nocancel.c
cfn=(204) __GI___close_nocancel
calls=1 -35 
* 6 1
* 1
-11 6 0 1
cfi=(60) ./misc/../sysdeps/unix/sysv/linux/mmap64.c
cfn=(194) mmap
calls=1 -2 
* 9 1
* 2

fn=(174) _dl_name_match_p
68 84 0 28 1 0 0 1
+1 28 14 14 0 0 1 0 0 1
cfi=(32)
cfn=(90)
calls=14 +39 
* 500 92 0 5 1 0 5 1
* 28
+3 14 14
+2 28
+6 15 15
-6 30
+1 54 18 18 1 0 0 1
cfi=(32)
cfn=(90)
calls=18 +33 
* 733 122 0 6 2 0 6 2
* 36
+8 3
-13 3
+13 20 9
-1 11
+1 33 33

fl=(19) ./elf/../sysdeps/x86/dl-cacheinfo.h
fn=(46) handle_intel.constprop.0
255 24 12 0 1 0 0 1
-5 24 0 24
+16 12
-16 72 0 48
+13 12 0 12
+1 36 0 12 1 0 0 1
-3 24 0 12
+11 60 0 12
+5 24
+2 12
+1 12
-1 12 0 12
+5 48 0 12 1 0 1 1 0 1
cfn=(48) intel_check_word.constprop.0
calls=12 123 
* 3876 396 36 5 6 0 5 6
+2 24
+3 60 0 12
cfn=(48)
calls=12 123 
* 1156 72 36 7 0 0 7
+2 24
+3 5 0 1
cfn=(48)
calls=1 123 
* 20 4 3
+2 2
+3 5 1 1
cfn=(48)
calls=1 123 
* 255 27 3 0 2 0 0 2
+2 2
-35 3 1
+39 3
+5 96 84 0 1 0 0 1

fn=(48)
123 78 0 0 1 0 0 1
-4 78 0 52
+10 104
-10 26 0 26
+10 52
+2 52 0 0 1 0 0 1
+71 200 50
-71 102
+2 63 0 0 1 0 0 1
+2 126
+8 126
+51 102
+22 51
fi=(20) ./elf/../bits/stdlib-bsearch.h
28 51
-1 102
+4 102 0 0 1 0 0 1
+1 51
fe=(19)
+78 102 51 0 0 1 0 0 1
fi=(20)
-79 76
+1 38
fe=(19)
+78 76 38 0 0 2 0 0 2
+3 345
fi=(20)
-84 820
+2 512
+1 256
fe=(19)
+78 512 256 0 0 5 0 0 5
+15 15
246 104 104
fi=(20)
37 63 0 0 1 0 0 1
-8 151
fe=(19)
155 36
+3 36
-6 54 0 0 1 0 0 1
+3 14
+9 14
+23 19
-32 57
+3 57
+4 50
+2 100
+2 50
+2 36
+4 11 0 0 1 0 0 1
+2 22
+6 14
+3 8
+1 12
-8 4 0 0 1 0 0 1
+2 4
-1 4
-1 4
+2 8 0 0 1 0 0 1
-2 4
+3 12
-2 12
+2 8
-10 24
+1 10
+11 12 0 0 1 0 0 1
-26 4 0 0 1 0 0 1
+9 4
+23 2
-32 6
+3 6
+4 8
+2 16
+2 8
-11 3 0 0 1 0 0 1
+7 6
+2 12

fn=(52) get_common_cache_info.constprop.0
481 1 0 1 1 0 0 1
+17 1 1
-17 4 0 1
+16 1 1
-16 1 0 1
+15 1 1
-15 3 0 3
+18 1 1
-1 1 0 1
+9 2 1 1
+3 3 0 1 1 0 0 1
+11 1
-11 1 0 1
-5 1 0 1
+21 3 1
+4 2
681 4 0 0 1 0 0 1
+1 5
+4 2 1
+9 2 2
-2 1 0 1
+2 2 2
-1 1 0 1
+1 3 3
535 6 1 1 1 0 0 1
+3 8 0 0 1 0 0 1
+7 2
-7 9
+7 6
+3 26
+14 2
+4 1
+3 1
+1 1
-4 2
+3 3 0 1
+6 2
-37 6 0 0 1 0 0 1
+15 2 0 0 1 0 0 1
+4 1
+1 1
-1 2
+18 2
-68 6 2 1 1 0 0 1
+74 4
+8 7 1
+2 2
+4 3 0 0 1 0 0 1
+2 1
+2 5 1
-4 1
+16 1
-16 3
+21 2
-21 4
+3 1
+1 4
-4 1
+6 4 0 0 1 0 0 1
+3 2
+5 1
+2 2
+1 1
+1 1 0 0 1 0 0 1
-2 2
+1 1
-19 5
+46 2
+1 1
+1 2
+2 2 1
-1 3
-23 2 0 0 1 0 0 1
+7 1
+2 2
-16 1
+22 1
-6 2
+1 1
+5 1 0 0 1 0 0 1

fl=(133) ./elf/../sysdeps/nptl/dl-mutex.c
fn=(432) __rtld_mutex_init
30 2 0 1 1 0 0 1
+10 3
-10 1 0 1
+10 2 0 0 1 0 0 1
-10 1 0 1
+7 1 1
+3 2 0 1
cfi=(134) ./elf/./elf/dl-lookup-direct.c
cfn=(434) _dl_lookup_direct
calls=1 +34 
* 175 47 13 8 7 0 8 6
+4 2
+1 8 3
+2 3 0 0 1 0 0 1
-2 1 0 1
+2 3 0 1
cfi=(134)
cfn=(434)
calls=1 +27 
* 198 49 13 1 5 0 1 4
+4 2
+1 6 3
+1 2 2
-1 1 0 1
+1 2 2

fl=(16) ./elf/../sysdeps/x86/cpu-features.c
fn=(40) update_active.constprop.0
43 7 0 6 1 0 1 1 0 1
+45 1 1
-41 1 1
+28 1 1
-18 1 1
+31 1 0 1 0 0 1 0 0 1
+4 1 0 0 1 0 0 1
-36 1
-1 1
+37 1 1
-26 1 1
-11 1
+1 1
+36 2 0 1
+1 1 1
-17 1
-21 1 1
+25 1
-4 1
-11 1 0 0 1 0 0 1
+28 1
-1 1
-36 1
+18 1
+19 1 1
-13 1
-4 1 0 1
-11 1
+19 1 1
+11 1 1
-3 1
-12 1
+14 1 1 0 1 0 0 1
-29 1 1
+18 1
+9 1
-18 1
+13 1
-13 1 1
-9 1 0 1
+29 2 0 1
+3 1
-14 1
-9 1 0 1 1 0 0 1
+9 1 1
+4 1
+10 1
-17 1 0 1
+7 1 1
+5 1 0 1
+5 1 1
+1 1 1 0 0 1 0 0 1
-1 1 0 1
+1 2 0 1 1 0 0 1
+2 2
+1 4 0 1
+3 1
+1 1
-1 1
+1 1
-1 1
+1 1
-1 1 0 1
+1 1 0 1 1 0 0 1
+4 2
+4 2
+2 4
+83 3
+12 2 0 1
+1 1 1
+3 3 1 0 1 0 0 1
+4 1 1
-4 1 0 1
+4 1
+67 3 1
+4 3 1
fi=(18) ./elf/../sysdeps/x86/get-isa-level.h
31 1 0 0 1 0 0 1
-3 1
+3 1
-1 2
fe=(16)
296 1 0 1
+1 8 7
-75 3 0 0 1 0 0 1
+1 2
+3 1
-1 1
+9 1
-5 1
+2 1 0 1
-2 1 0 1
+5 1
fi=(18)
32 3
+4 3
fe=(16)
+83 2 0 0 1 0 0 1
+2 1
+3 2 0 0 1 0 0 1
+10 1
+10 1
-10 1
+10 1
-10 1
+6 1
+4 1 0 1
-4 1
-6 1 0 1
+6 1
+2 1 1
-2 1 0 1
+2 3 1 1 1 0 0 1
+7 4
fi=(18)
39 3 1 0 1 0 0 1
+1 4 1
+5 1 0 0 1 0 0 1
-7 1
+7 3
+2 1
+1 2
+1 3 1
+2 4 0 0 1 0 0 1
+1 2
+1 2
+6 1
-4 1
+4 1
-3 2
fe=(16)
+75 1 0 1 0 0 1 0 0 1
-5 2 0 1
+4 1

fn=(34) init_cpu_features.constprop.0
399 1 0 1 1 0 0 1
+16 1
-16 6 0 5 1 0 0 1
+3 1 0 1 0 0 1 0 0 1
+1 1 0 1
+1 1 0 1
+11 2 0 1
+3 6 0 0 1 0 0 1
593 1 0 0 1 0 0 1
+94 5 1 0 1 0 0 1
+1 1 0 1
+3 2
+1 1 0 1
+6 1 0 1
+3 1 0 1
fi=(19)
+5 1 0 1
+2 1 0 1 1 0 0 1
fe=(16)
-9 1 0 1
fi=(19)
+23 2
840 1 1 0 1 0 0 1
+46 1 1
-46 17 9 6 2 0 2 2 0 2
+45 2 1
+25 2 1 0 1 0 0 1
+21 2
-21 2
+13 3 1
+8 1
-8 1 0 1
+8 1 0 1
cfi=(10)
cfn=(24)
calls=1 405 
* 21 4 1 0 1 0 0 1
* 1 1
+2 2 0 0 1 0 0 1
+3 4 0 1
cfi=(10)
cfn=(24)
calls=1 405 
* 21 4 1 0 1 0 0 1
* 1 1
+2 1 1
+3 2
-3 2
+3 1
-3 1 0 1
+3 1 0 1 1 0 0 1
cfi=(10)
cfn=(24)
calls=1 405 
* 21 4 1 0 1 0 0 1
* 1 1
+1 5 0 1
+16 2 0 1
-12 5 0 2 1 0 0 1
cfi=(10)
cfn=(24)
calls=1 405 
* 21 4 1
* 1 1
+1 3 1
+23 1
-17 5 1 1
+3 3 0 1 1 0 0 1
-3 1 0 1
cfi=(10)
cfn=(24)
calls=1 405 
* 21 4 1
+3 3 1
-3 2 2
+3 9 0 5 1 0 0 1
cfi=(10)
cfn=(54) __GI___tunable_set_val
calls=1 157 
* 58 7 4 5 0 0 5
+1 9 1 4 1 0 0 1
cfi=(10)
cfn=(54)
calls=1 157 
* 58 7 4
+1 10 1 4 1 0 0 1
cfi=(10)
cfn=(54)
calls=1 157 
* 58 7 4
+3 8 0 4
cfi=(10)
cfn=(54)
calls=1 157 
* 58 7 4
+2 8 0 4 1 0 0 1
cfi=(10)
cfn=(54)
calls=1 157 
* 58 7 4
+4 1 1
fe=(16)
706 1
fi=(19)
967 2 2 0 1 0 0 1
fe=(16)
706 2
fi=(19)
967 4 1 3
fe=(16)
706 1 0 1
cfi=(10)
cfn=(24)
calls=1 405 
* 19 4 1 0 1 0 0 1
+4 3 1 0 1 0 0 1
+14 1 1
-1 2
+1 3
+47 1 1 0 1 0 0 1
-1 1 0 1
+1 1
+46 4 0 1 1 0 0 1
cfi=(10)
cfn=(24)
calls=1 405 
* 19 4 1
+2 4 0 1
cfi=(10)
cfn=(24)
calls=1 405 
* 19 4 1 0 1 0 0 1
fi=(21) ./elf/../sysdeps/unix/sysv/linux/x86/cpu-features.c
27 6
fe=(16)
829 2 0 1 1 0 0 1
+45 8 7
fi=(19)
+19 11 0 0 2 0 0 2
fe=(16)
775 3 1 0 1 0 0 1
+27 2 0 1
-10 2 0 0 1 0 0 1
+1 2
+2 3 0 0 1 0 0 1
+1 2 1
+2 3
+1 2
fi=(19)
-75 3 0 2 1 0 0 1
cfn=(46)
calls=1 255 
* 437 47 19 13 6 1 13 6 1
+1 1
-1 2 0 1 0 0 1 0 0 1
+1 1 0 1
cfn=(46)
calls=1 255 
* 478 47 19 1 0 0 1
+1 1
-1 1
+1 1 0 1
cfn=(46)
calls=1 255 
* 503 47 19
+3 1
-3 2 0 1 1 0 0 1
+3 1 0 1
cfn=(46)
calls=1 255 
* 459 47 19 1 0 0 1
+2 1
-2 1 0 1
+2 1 0 1
cfn=(46)
calls=1 255 
* 451 47 19
+3 1
-2 1 0 1
-1 1 0 1
+3 1 0 1
cfn=(46)
calls=1 255 
* 428 47 19 1 0 0 1
+2 1
-2 1 0 1
+2 1 0 1
cfn=(46)
calls=1 255 
* 429 47 19
+3 1 0 0 1 0 0 1
-2 1 0 1
-1 1 0 1
+3 1 0 1
cfn=(46)
calls=1 255 
* 469 47 19
+2 1
-2 1 0 1
+2 1 0 1
cfn=(46)
calls=1 255 
* 470 47 19
+3 1
-3 1 0 1
+3 1 0 1
cfn=(46)
calls=1 255 
* 494 47 19
+2 1
-2 1 0 1
+2 1 0 1
cfn=(46)
calls=1 255 
* 495 47 19
+2 1 0 0 1 0 0 1
-2 1
+2 1 0 1
cfn=(46)
calls=1 255 
* 790 80 27 0 2 0 0 2
+2 3
-2 1 0 1
+2 1 0 1
cfn=(52)
calls=1 481 
* 215 20 16 13 0 0 13
863 15 2 1 1 0 0 1
fe=(16)
424 6 0 1 2 0 1 2 0 1
cfn=(36) get_common_indices.constprop.0
calls=1 -99 
* 71 9 22 7 0 3 7 0 3
303 3
+1 2
+1 6 0 4 1 0 0 1
+5 2
+1 6 0 4
+5 2
+1 6 0 4 1 0 0 1
429 1 0 1
cfn=(40)
calls=1 43 
* 194 35 30 16 1 3 16 1 3
+2 1 1
+2 1 1
+83 1 1
-85 2
564 2 1 0 1 0 0 1
+7 2 1
+2 1 0 1
+4 2 1
+6 2 1
422 2
-3 1 0 0 1 0 0 1
+14 3 1 1 1 0 0 1
+1 4 0 0 1 0 0 1
+69 1 0 1
+10 11 1 0 1 1 0 1 1
+42 1 0 1
+1 1
434 11 0 0 1 0 0 1
+55 3 1 0 1 0 0 1

fn=(36)
325 1 0 1 1 0 0 1
+4 4
+3 3 0 1
+5 2
-5 1 0 1 1 0 0 1
+5 1
-5 1 0 1
+4 1 0 1
+1 1 0 1
+1 4 0 1
+1 4 0 1
+1 3 0 1
+1 2 1
+7 2 1 0 1 0 0 1
+2 5
+5 1
-5 1 0 1 0 0 1 0 0 1
+5 1
-5 1 0 1
+5 1
-5 2 0 2
+5 1
+7 1 1 0 1 0 0 1
-7 4 0 4 0 0 1 0 0 1
+7 1
+1 3
+6 1 1
-6 4 0 4 1 0 1 1 0 1
+6 1
fi=(17) ./elf/../sysdeps/unix/sysv/linux/x86/dl-minsigstacksize.h
24 2 1 0 1 0 0 1
+3 2 1
+1 2 1
+37 3
+7 1
+2 1 0 1 1 0 0 1
fe=(16)
384 2 2

fl=(14) ./elf/../sysdeps/unix/sysv/linux/brk.c
fn=(28) brk
35 1 0 0 1 0 0 1
+1 3 0 1 0 0 1 0 0 1
+1 2
+6 1
+1 1 1

fl=(8) ./elf/./elf/dl-setup_hash.c
fn=(14) _dl_setup_hash
25 4 0 0 1 0 0 1
+3 4 4
-3 4
+3 8 0 0 1 0 0 1
+3 12 8
+1 8 4 4 0 3 1 0 3 1
+2 4 4
-1 4 4
+3 12
+1 4 0 4
+4 4
-3 4
+7 4
-4 4
-3 4 4
+2 8 0 0 1 0 0 1
+5 4
-5 4
-2 4 0 4
+7 4 0 4
-5 4 0 4
+10 4 4

fl=(43) ./string/../sysdeps/x86_64/memcmp.S
fn=(124) bcmp
22 1 0 0 1 0 0 1
+5 1
+1 1
+1 1
+1 1
+1 1
+1 1
+1 1
+1 1
+3 1
+1 1
+1 1 1 0 1 0 0 1
+1 1 1
+1 1
+1 1
+1 1
+1 1
+1 1
+2 1
+1 1
+17 1 0 0 1 0 0 1
+1 1
+17 1
+1 1
+1 1 1
+1 1 1
+1 1
+4 1
+47 1 0 0 1 0 0 1
+1 1
+1 1
+1 1
+1 1
+1 1
+1 1 0 0 1 0 0 1
+1 1
+1 1
+1 1
+1 1
+1 1
+1 1 1

fl=(53) ./setjmp/../sysdeps/x86_64/setjmp.S
fn=(168) __sigsetjmp
30 3 0 0 1 0 0 1
+2 3 0 3
+9 3
+1 6 3 0 1 0 0 1
+1 3 0 3
+4 3 0 3
+1 3 0 3
+1 3 0 3
+1 3 0 3
+1 3
+2 6 3
+2 3 0 3 0 0 1 0 0 1
+1 3 3
+1 3
+2 6 3
+2 3 0 3 1 0 0 1
+8 3
+3 3
+1 3 0 3
+7 3
+1 3 3

fl=(45)
fn=(140)
40 15 0 6 1 0 0 1
+1 3 0 3
cfi=(22)
cfn=(60)
calls=3 * 
* 87 12 0 2 0 0 2
* 3
fi=(210) ./string/../include/rtld-malloc.h
+15 6 3 3
cfi=(27) ./elf/./elf/dl-minimal-malloc.c
cfn=(76) __minimal_malloc
calls=3 -21 
* 75 15 15
fe=(45)
-12 6
+4 3
-1 9
+1 6 6
-1 3
cfi=(29)
cfn=(80)
calls=3 212 
* 41 11 8 0 0 2 0 0 2

fl=(134)
fn=(434)
74 30 0 18 2 0 0 2
+2 3 3
-2 3 0 3
+4 3 3
-4 3 0 3
+2 3
+2 9
+37 3
-37 9 6 0 0 1
+1 6 0 0 1 0 0 1
+2 12 3 3
+3 25 5 0 0 4 0 0 3
-52 3 3
+54 6 3
-54 3
+54 3
-54 9 6 0 1 0 0 1
+1 9
+2 6 3 0 0 3 0 0 3
+1 6 3
+12 12 3 6
+3 3 3 0 1 0 0 1
+2 3
-2 3 3
+2 9 3 3
cfi=(32)
cfn=(90)
calls=3 +55 
* 207 27 0 2 8 0 2 8
* 6
+4 6 6
+1 3 3
-1 3 3 0 0 1 0 0 1
+1 18 6 0 1 0 0 1
+1 9 6 3
cfi=(32)
cfn=(90)
calls=3 +49 
* 75 21
* 6
+57 27 21
-23 6 0 0 1 0 0 1

fl=(60)
fn=(194)
47 24 0 0 1 0 0 1
+3 24
+8 48
+2 12 12

fl=(29)
fn=(80)
212 16 0 0 2 0 0 2
+1 16
+6 16
+1 16
+2 10 10
+1 10 0 0 1 0 0 1
+1 10
+2 7 7
+1 7 0 7
+1 7 0 7
+2 7 7
360 6 0 0 1 0 0 1
+1 6
+2 1
+4 1
+1 1
+1 1
+1 1 1 0 0 1 0 0 1
+1 1
+4 1 0 1 0 0 1 0 0 1
+2 1 1
+39 5 5
+1 5 5
+1 5 0 5 0 0 2 0 0 2
+1 5 0 5
+1 5 5
+7 3 3
+1 3 3
+1 3 0 3 0 0 2 0 0 2
+1 3 0 3 0 0 1 0 0 1
+1 3 0 3 0 0 1 0 0 1
+1 3 0 3
+1 3 3
+11 3 0 0 1 0 0 1
+1 3
+2 3 3
+1 3
+1 3

fn=(128) mempcpy
199 32
+1 32
+1 32
+1 32
+17 32
+1 32
+2 6 6
+1 6
+1 6
+2 5 5
+1 5 0 5 0 0 2 0 0 2
+1 5 0 5
+2 5 5
360 26
+1 26
+2 8
+4 8
+1 3
+1 3
+1 2 2 0 0 1 0 0 1
+1 2
+1 2 2
+1 2 0 2 0 0 1 0 0 1
+2 2 0 2
+2 3 3
+6 5 5
+1 5 5
+1 5 0 5
+1 5 0 5
+1 5 5
+29 18 18 0 1 0 0 1
+1 18 18
+1 18 0 18 0 0 1 0 0 1
+1 18 0 18
+1 18 18
+7 1 1
+1 1 1
+1 1 0 1
+1 1 0 1
+1 1 0 1 0 0 1 0 0 1
+1 1 0 1
+1 1 1
+11 1
+1 1
+2 1 1
+1 1
+1 1

fl=(72)
fn=(470)
117 5 0 0 1 0 0 1
+5 1 1

fn=(236) mprotect
117 25 0 0 1 0 0 1
+5 5 5

fl=(64)
fn=(204)
25 3 0 0 1 0 0 1
+1 12
+1 3 3

fl=(39) ./elf/../sysdeps/x86_64/dl-hwcaps-subdirs.c
fn=(110) _dl_hwcaps_subdirs_active
29 1 0 0 1 0 0 1
fi=(18)
+2 1 1
fe=(39)
+7 1
fi=(18)
-7 2 0 0 1 0 0 1
-1 2
fe=(39)
+22 1 1
fi=(18)
-20 3 1
+4 1
fe=(39)
+2 1
fi=(18)
-2 2
+3 4 1
+1 4 1 0 1 0 0 1
+5 1
fe=(39)
-7 1
fi=(18)
+7 3
fe=(39)
-2 1
fi=(18)
+5 2
+1 3 1
+2 4 0 0 1 0 0 1
+1 2
+1 2
+6 1
fe=(39)
-11 1
fi=(18)
+11 1
-3 2
fe=(39)

fl=(59) ./io/../sysdeps/unix/sysv/linux/fstatat64.c
fn=(192) fstatat
153 26 0 0 1 0 0 1
-55 26
+70 30
+1 4 4
-2 18 0 9
+1 18 9

fl=(73) ./malloc/./malloc/scratch_buffer_set_array_size.c
fn=(240) __libc_scratch_buffer_set_array_size
30 20 0 6 2 0 0 2
+4 2
+1 4
+11 2
-1 4 2
+18 8 8 0 1 0 0 1

fl=(50) ./string/../sysdeps/x86_64/strcspn.S
fn=(158) strcspn
25 1 0 0 1 0 0 1
+2 1
+7 1
+1 1 0 0 1 0 0 1
+2 1
+1 1
+1 1
+1 1
+1 33 0 32 0 0 4 0 0 4
+3 3
+7 1 1 0 0 1 0 0 1
+1 1
+1 1
+1 1 0 1
+2 1 1
+1 1
+1 1
+1 1 0 1
+2 1 1
+1 1
+1 1
+9 3 0 0 1 0 0 1
+12 1
+2 1 1
+1 1 1
+1 1
-4 12
+2 12 12
+1 12 12
+1 12
+2 13 13
+1 13 13
+1 13
+2 13 13
+1 13 13
+1 13
+2 13 13 0 0 1 0 0 1
+1 13 13
+1 13
+2 1
+1 1
+1 1
+2 1
+7 1
+4 1 1

fl=(142) ./elf/./elf/dl-runtime.c
fn=(458) _dl_fixup
46 16 0 8 2 0 0 2
+2 10 8
+1 2 2
+6 2
fi=(211) ./elf/../sysdeps/x86_64/dl-runtime.h
-27 2
fe=(142)
+21 2 2
+5 2 2 0 0 1
+1 2 2 0 0 1
-6 2
+6 4 0 0 1 0 0 1
+1 2 2
+2 2 2
-2 2
+2 2
-2 10 0 2
+7 4
+4 4 2 0 0 1 0 0 1
+4 6 2 0 1 1 0 1
+4 6 4 0 0 1
+1 8 2
-7 8 2 0 0 1
+16 2 2
-1 2
+1 4
+10 20 4 6 1 1 1 1
cfi=(79) ./elf/./elf/dl-lookup.c
cfn=(280) _dl_lookup_symbol_x
calls=2 840 
* 1363 363 144 0 3 9 0 3
* 2
+4 10 6 0 1 0 0 1
+10 20 8 2
+15 8 2
+9 6 2 0 1 0 0 1
+26 6 2
fi=(6) ./elf/../sysdeps/x86_64/dl-machine.h
+70 2 0 2
fe=(142)
-66 12 10

fl=(12) ./elf/./elf/dl-sort-maps.c
fn=(22) _dl_sort_maps_init
281 2 0 0 1 0 0 1
+1 4 0 1
cfi=(10)
cfn=(24)
calls=1 405 
* 20 4 1 3 1 0 3 1
+2 3 1
-1 1 0 1
+2 2 1

fn=(248) dfs_traversal.part.0
140 64 0 32 2 0 0 2
+10 8 8 0 0 1 0 0 1
-2 8 0 8 2 0 0 2
+2 16
+2 20 5 0 0 2 0 0 2
+3 20 10
-3 40 10 0 0 1 0 0 1
+9 16
+15 24 8 8
+1 8 0 8
+1 48 40 0 1 0 0 1
-17 12 4 0 1 0 0 1

fn=(246) _dl_sort_maps
290 20 0 12 3 0 0 2
+8 2 2 0 0 1 0 0 1
-8 2 0 2
+8 4
+4 16 14 0 2 0 0 2
-79 4 0 0 2 0 0 2
-37 2
+37 2
-36 8
+1 2 2
-1 2
+1 2 0 2
-1 4
+1 6 6
-1 6
+1 6 0 6
-1 12
+36 30 0 2 4 0 0 4
+8 6
-3 2
+2 2 0 2
+1 2
-8 2
+5 2 0 2
+3 8
+2 18
+2 8 8 0 2 0 0 2
-90 40 8 8 0 0 1 0 0 1
cfn=(248)
calls=8 -5 
* 284 85 56 6 4 0 6 4
+93 16 8
+18 4 2
+13 2 0 0 2 0 0 2
+33 2 0 0 2 0 0 2
-26 8 0 2 2 0 0 2
cfi=(29)
cfn=(80)
calls=2 -64 
* 22 6 4 2 0 0 2
* 2

fl=(22)
fn=(60)
41 16 0 0 1 0 0 1
+44 16
+1 16
+1 16
+1 16
+1 16
+1 16
+1 16
+2 16
+2 16
+31 16 16 0 0 2 0 0 2
+1 16
+1 16
+1 16
+1 16
+1 10
+2 10 10
+4 6 0 0 1 0 0 1
+1 6 6
+1 6 6
+1 6 6
+1 6
+1 6
+1 6
+1 6
+1 6
+1 6
+1 6
+1 6
+5 48 6 0 1 0 0 1

fl=(46) ./elf/./elf/dl-debug.c
fn=(152) _dl_debug_state
116 2 0 0 1 0 0 1
+1 2 2

fn=(146) _dl_debug_initialize
56 1 0 0 1 0 0 1
+3 2
+4 1 1 0 0 1 0 0 1
-6 1
+4 1
+2 2
+22 2 1 0 1 0 0 1
+5 2 1
+1 1
+1 1 0 1
-1 1 0 1
-1 1 0 1
+5 2 1
+4 2
+8 2 1 0 1 0 0 1
-43 2 0 1 1 0 0 1
+32 6 1 1 1 0 0 1

fn=(186) _dl_debug_update
38 3 0 0 1
+3 3
-1 6
+4 6 3 0 0 1
+4 3 3

fl=(66) ./elf/./elf/dl-deps.c
fn=(210) _dl_map_object_deps
159 5 0 1 1 0 0 1
+1 3
-1 1
+1 1
-1 2 0 2
+1 1
-1 3 0 1
+1 1
-1 4 0 3 1 0 1 1 0 1
+1 12 0 1 1 0 0 1
-8 1 1
-7 1
+15 1
-14 1
+6 1
+8 1 0 1
-15 1
+7 1
-8 1 0 1 1 0 1 1 0 1
+1 1
+7 1 0 1
-7 1 0 1
+31 3
-28 3 0 1
-2 1
+31 1 1
-33 2 0 1
+2 2 0 0 1 0 0 1
+30 2
-30 1
-1 4 0 1
+7 4 1 1
+24 2
-32 1
+60 1 1 0 1 0 0 1
-60 2 0 1 0 0 1 0 0 1
+36 1 0 1
fi=(74) ./elf/../include/scratch_buffer.h
77 3 0 2 0 0 1 0 0 1
fe=(66)
198 1 1
fi=(74)
78 1 0 1
fe=(66)
200 2 0 2 1 0 0 1
+98 1 0 1
198 1 0 1
+4 1
+7 1 0 1
+4 4 1 1
-4 3 0 3
+4 12 3 3
+11 12 6 0 1 0 0 1
-18 2
+18 4 2
433 12 4
+2 2
+3 2 0 0 1 0 0 1
-3 4 0 2
+3 2
fi=(28) ./elf/../include/rtld-malloc.h
56 2 2 2
cfi=(27)
cfn=(76)
calls=2 -21 
* 50 10 10
* 2
fe=(66)
439 4
+6 2 0 2 0 0 1 0 0 1
+1 10 2 2
cfi=(29)
cfn=(80)
calls=2 212 
* 22 6 4
+1 10 0 2
cfi=(29)
cfn=(80)
calls=2 212 
* 22 6 4
+4 2 0 2
-1 2 0 2
+5 16 8 0 1 0 0 1
204 9 6
458 9 3
-1 4 4
+1 8
199 3 1 1
+27 10 6 2 2 0 0 2
+5 2 2
+6 2 2
-5 2 0 2 0 0 1 0 0 1
-1 2 0 2
+2 4 2 2 1 0 0 1
+4 8 4
-31 2
+31 2 0 2
+1 6
+6 8 4 2 1 0 0 1
cfi=(31) ./elf/./elf/dl-load.c
cfn=(212) _dl_dst_count
calls=2 -6 
* 108 21 12 3 2 1 2 2 1
* 6
+4 4 0 0 1 0 0 1
-2 2 0 2
+2 4 0 2
cob=(2)
cfi=(51)
cfn=(164) 0x0000000004002050
calls=2 0 
* 6219 1227 770 96 40 70 96 40 70
+1 4 2 0 1 0 0 1
+9 2 2
+2 4 2
+5 10 0 2 1 0 0 1
+6 2 2
+2 2 0 2
-8 4
+3 2 0 2
+1 2 0 2
+1 2 0 2
+1 2 0 2
+4 10 2 4 1 0 0 1
+4 6 2
+1 3 0 1
-43 200 50
+1 96
+44 144 0 0 1 0 0 1
-38 4 0 0 1 0 0 1
fi=(74)
85 3 2 0 1 0 0 1
fe=(66)
464 6 2 0 1 0 0 1
+1 1 0 1
+3 4 1 1
+11 3 1 0 1 0 0 1
fi=(28)
56 1 1 1
cfi=(27)
cfn=(76)
calls=1 -21 
* 25 5 5
* 1
fe=(66)
481 2
+5 3 2
+1 1 0 1
-1 2 0 1
+4 2 0 0 1 0 0 1
-2 1 1
+2 1
-2 2
+13 3 0 3
+5 3 0 3
-16 9 3
-2 3
+6 3 3
+7 3
-2 6
-5 1 1
+7 1
-2 2 0 0 1 0 0 1
+2 2 0 1 0 0 1 0 0 1
+5 1 0 1
-16 6 1 1
+19 2 1
+52 3 1 0 1 0 0 1
+37 3 1 0 1 0 0 1
+15 1
-11 1 1
+11 1
-14 2
+20 1 1 0 1 0 0 1
-1 3
+1 3 1
-1 5 1 1 1 0 0 1
cfi=(12)
cfn=(246)
calls=1 290 
* 260 64 49 13 0 0 12
+5 1 0 1
+3 1 0 1
-1 1 0 1
+2 2
+7 3 1
+3 3 1
+3 8 7
214 25 11 0 2 1 0 2 1
+3 2
fi=(74)
-86 6 0 2
cfi=(73)
cfn=(240)
calls=2 30 
* 40 10 6 3 0 0 3
fe=(66)
+86 4
+4 6 2 2 1 0 0 1
613 2 0 1
cfi=(29)
cfn=(80)
calls=1 212 
* 11 3 2
* 1
-53 2 0 0 1 0 0 1
160 2 0 1 1 0 1 1 0 1
380 6 0 3 1 0 0 1

fn=(214) openaux
61 6 0 2
+7 2 2
-4 4 4
+1 2 2
-1 16 4 2 1 0 1 1 0 1
cfi=(31)
cfn=(172) _dl_map_object
calls=2 2022 
* 6061 1185 720 95 40 66 95 40 66
* 2 0 2
+5 4 4

fl=(23) ./elf/../misc/sbrk.c
fn=(62) sbrk
37 5 0 2
+3 1 1 0 1 0 0 1
+18 2
+4 2
+16 5 3

fl=(27)
fn=(72) __minimal_calloc
78 8 0 0 1 0 0 1
+4 8
-4 32 0 0 1 0 0 1
+7 8
+1 24
fi=(28)
-30 8 8
cfi=(27)
cfn=(76)
calls=8 -21 
* 235 44 43 5 1 2 5 1 2
fe=(27)

fn=(144) __minimal_free
95 3
+2 12 6 0 1 0 0 1

fn=(76)
35 120 0 48 1 0 0 1
+1 24 24 0 0 2 0 0 1
+11 24 24
-11 48
+11 48
+3 24
-3 24 0 24 1 0 0 1
+3 136
+18 24 0 24 0 0 2 0 0 1
+1 24 0 24
+2 96 72
-16 8 2 0 1 0 0 1
+1 4
+2 2
+1 14 0 2 0 0 1 0 0 1
cfi=(60)
cfn=(194)
calls=2 -12 
* 18 2 0 1 0 0 1
* 2
+2 4
+2 4 2
+2 2
+4 2
-4 4 0 2
-23 1 1 0 1 0 0 1
-1 1
+1 1
+1 2
-2 2 0 1

fl=(15) ./elf/../sysdeps/x86/dl-get-cpu-features.c
fn=(436) __x86_cpu_features
71 1 0 0 1
-32 3 1
+32 2 1

fn=(32) _dl_x86_init_cpu_features
37 1 0 0 1 0 0 1
+2 3 1
+2 1 0 0 1 0 0 1
cfi=(16)
cfn=(34)
calls=1 399 
* 7219 783 442 101 15 12 101 15 12

fl=(9) ./elf/../elf/dl-sysdep.c
fn=(464) _dl_sysdep_start_cleanup
262 1 0 0 1 0 0 1
+1 1 1

fn=(16) _dl_sysdep_start
85 4 0 2 1 0 1 1 0 1
+25 1
-25 6 0 4
+25 1 1
-1 1 0 1
+1 159 51 3 1 7 2 1 7 2
+11 1 1
-8 1
+1 1 0 1
-4 1 0 1 0 0 1 0 0 1
+3 1 0 1
+6 1 0 1 1 0 1 1 0 1
+2 13 0 3 0 0 1 0 0 1
-34 1
-1 1
+36 119 17 0 1 3 0 1 3
+3 1 1
+1 1
-5 94 24 7 3 3 0 3 3
+57 1 1 0 1 0 0 1
-57 1
+58 1
-1 1 0 1 0 0 1 0 0 1
-57 3 1
+29 1 1 0 1 0 0 1
-29 1
+30 1 0 1
-1 1 0 1
-29 3 1
+41 1 1 0 1 0 0 1
-41 1
+42 1
-1 1 0 1
-41 3 1
+35 1 1 0 1 0 0 1
-35 1
+36 1
-1 1 0 1
-35 3 1 0 0 1 0 0 1
+32 1 1
-32 1
+33 1
-1 1 0 1
-32 3 1
+13 1 1 0 1 0 0 1
-13 1
+14 1 0 1
-1 1 0 1
-13 3 1 0 0 1 0 0 1
+10 1 1 0 1 0 0 1
-10 1
+11 1 0 1
-1 1 0 1
-10 3 1
+7 1 1
-7 4 1 0 1 0 0 1
224 1 0 1
cfi=(10)
cfn=(18) __GI___tunables_init
calls=1 +58 
* 25207 4816 6 6 56 1 6 56 1
+3 1 0 1
cfi=(12)
cfn=(22)
calls=1 +54 
* 32 6 3 4 1 0 4 1
fi=(13) ./elf/../sysdeps/unix/sysv/linux/dl-sysdep.c
36 2 0 1
cfi=(14)
cfn=(28)
calls=1 -1 
* 8 1 1 1 0 1 1 0 1
fi=(6)
215 1 0 1
cfi=(15)
cfn=(32)
calls=1 37 
* 7224 784 442 103 15 12 103 15 12
fe=(9)
+23 3 1
+1 1 0 1 1 0 0 1
cfi=(22)
cfn=(60)
calls=1 41 
* 17 2 0 1 1 0 1 1
* 1 0 1
+2 2 0 1
cfi=(23)
cfn=(62)
calls=1 37 
* 15 4 2 1 0 0 1
* 3
+12 3 1
+3 5 1 1
cfi=(2) ./elf/./elf/rtld.c
cfn=(64) dl_main
calls=1 1320 
* 108526 27802 12227 849 1352 528 844 1140 495
+2 9 8 0 1 2 0 1

fl=(135) ./elf/./elf/dl-call-libc-early-init.c
fn=(438) _dl_call_libc_early_init
27 1 0 0 1 0 0 1
+2 2
-2 1 0 1
+6 3
-6 1 0 1
+6 3
-6 1
+6 1 0 1 1 0 0 1
cfi=(134)
cfn=(434)
calls=1 +41 
* 177 47 13 0 5 0 0 5
+4 2
+2 4 3
+2 1
-1 1
+1 2 2
-1 1
cob=(3)
cfi=(136) ./elf/./elf/libc_early_init.c
cfn=(440) __libc_early_init
calls=1 -7 
* 1108 332 167 26 23 17 26 5 6

fl=(26) ./elf/./elf/dl-object.c
fn=(70) _dl_new_object
59 42 0 24 1 0 3 1 0 3
+3 6 0 0 1 0 0 1
+18 2 2
+3 2
-3 2 0 2
+3 2 0 2
cfi=(22)
cfn=(60)
calls=2 -42 
* 52 7
+4 4
-4 4
+9 4 0 2
fi=(28)
-48 6 2 4
cfi=(27)
cfn=(72)
calls=2 +34 
* 100 15 12 2 0 1 2 0 1
fe=(26)
+48 1 0 1
fi=(28)
-48 3 1 2 1 0 0 1
cfi=(27)
cfn=(72)
calls=1 +34 
* 43 7 6 5 1 1 5 1 1
* 3
fe=(26)
+51 6
+5 3 3
-2 3 0 3 0 0 3 0 0 3
+6 3
-4 3
+4 3 3
-5 3 0 3 0 0 3 0 0 3
+4 3
+1 3
-1 3 0 3
+1 6 0 6 1 0 0 1
cfi=(29)
cfn=(80)
calls=3 212 
* 44 10 7 2 1 4 2 1 4
* 6 3 3 0 0 1 0 0 1
+2 3 0 3
+13 6 3
+6 1
+2 7 2 2 1 1 0 1 1
+3 2 1
-3 14 4 4 0 2 0 0 2
+3 4 2
+9 3 3
-7 3 0 3
+4 3 0 3
+3 15 1 0 1 0 0 1
+2 1 0 1 0 0 1 0 0 1
-2 3
+2 15 0 15 0 0 3 0 0 3
-2 45
+16 6
-5 3 0 3 0 0 3 0 0 3
+5 3
-6 3 0 0 1 0 0 1
+6 3 3 0 0 1 0 0 1
-6 3 0 3
+6 6
+2 4 0 2 0 0 2 0 0 2
+3 4
-3 4
+7 8 2
+4 4
+8 2 0 1 1 0 0 1
+3 2 0 1 0 0 1 0 0 1
+10 3 1
-10 4 0 2
+10 6 2
+2 2
+21 2
-21 2 0 2
cfi=(22)
cfn=(60)
calls=2 41 
* 70 10
* 6 0 4 1 0 0 1
+17 2
-13 6
+50 6 2 2
cfi=(29)
cfn=(128)
calls=2 -46 
* 34 8 6 0 0 2 0 0 2
* 2
+5 4
+1 4 2
-1 80
+1 80 40
+2 4
+3 2 0 2
+3 2 0 2
+4 27 21 0 1 0 0 1
131 8 0 3 1 0 3 1 0 3
-12 4 2
+34 1 0 0 1 0 0 1
+7 4
+8 8 2 0 1 0 0 1
fi=(28)
56 4 2 2
cfi=(27)
cfn=(76)
calls=2 -21 
* 50 10 10
* 2
fe=(26)
200 8
64 2 0 0 2 0 0 2
+2 3 1
+1 2 0 0 1 0 0 1
+10 5 0 1 0 0 1 0 0 1
-6 2

fn=(82) _dl_add_to_namespace_list
31 6 0 3 1 0 0 1
+2 3
-2 6 0 3 1 0 1 1 0 1
+2 3
-2 6 0 3
+2 3 3 3
cfi=(24) ./elf/../sysdeps/nptl/dl-tls_init_tp.c
cfn=(84) rtld_mutex_dummy
calls=3 +9 
* 9 3
+2 23 3
+3 20 5
+2 2 0 2
+2 2 0 2
+4 2
+4 2
-4 4 0 2
+1 2 2
+4 2 2
-4 2 0 2
+1 2
+3 2 2
-3 2 0 2
+3 2 2
-1 2 2
cfi=(24)
cfn=(84)
calls=2 -8 
* 6 2
-4 1 0 0 1 0 0 1
+4 1
-4 2 0 1
+1 1 1
+4 1 1
-4 1 0 1
+1 1
+3 1 1
-3 1 0 1
+3 1 1
-1 1 1
cfi=(24)
cfn=(84)
calls=1 -8 
* 3 1
-5 2 0 1

fl=(44) ./string/../sysdeps/x86_64/multiarch/memset-vec-unaligned-erms.S
fn=(132) memset
125 7 0 0 1 0 0 1
+1 35
+6 7
+1 7 0 0 1 0 0 1
+1 7
+1 7
+2 1 0 1 0 0 1 0 0 1
+1 1 0 1
+1 1 1
+65 4 0 4
+1 4 0 4
+2 4 4
+76 6 0 6 0 0 3 0 0 3
+1 6 0 6 0 0 1 0 0 1
+5 6
+3 6
+1 6
+3 2 0 2
+1 2 0 2 0 0 1 0 0 1
+13 2
+1 2
+2 2
+3 1 0 0 1 0 0 1
+3 2
+3 1 0 1
+1 1 0 1
+1 1 0 1
+1 1 0 1
+1 1
+1 1
+1 1
-6 27 0 27 0 0 27 0 0 27
+1 27 0 27
+1 27 0 27
+1 27 0 27
+1 27
+1 27
+1 27
+3 2 0 2 0 0 2 0 0 2
+1 2 0 2
+1 2 0 2
+1 2 0 2
+5 2 2

fl=(78) ./elf/./elf/dl-reloc.c
fn=(272) _dl_relocate_object
194 8 0 4 1 0 0 1
+14 4
-14 36 0 20
+16 4 0 0 1 0 0 1
-16 8 0 8
+14 4 0 4
+2 8
+3 4 4 0 0 1
-1 4 4
+1 8
+19 8 4 0 1 0 0 1
+6 20 8
-34 6
+38 6
+7 12 3 3 1 1 0 1
fi=(6)
71 10 3
+6 4 3
+4 3 1 0 0 1 0 0 1
+14 1 1 0 1 0 0 1
-8 1 0 1
+8 2
+20 2 1
+4 5 1 0 0 1
-2 2 0 1
fe=(78)
288 160 51 26 4 13 0 4
-83 1
fi=(6)
474 4 0 1
fe=(78)
205 2 0 2
+83 2 2 0 1 0 0 1
fi=(5) ./elf/./elf/do-rel.h
49 1 1
fe=(78)
288 1 1
fi=(5)
60 1 1
-11 2 0 1
+11 2
fe=(78)
288 3
-83 3
fi=(6)
474 12 0 3
fe=(78)
205 6 0 6
+83 6 6
fi=(5)
49 3 3
fe=(78)
288 3 3
fi=(5)
60 3 3
-11 6 0 3
+11 6
fe=(78)
288 8 8
fi=(5)
49 4 4
fe=(78)
288 4 4 0 0 1
fi=(5)
60 4 4
-11 8 0 4
+11 8
-7 1
-1 1
+11 8 1 0 1 0 0 1
fi=(6)
545 28 14
+4 28
+3 42 14
+1 14 0 14 0 0 7 0 0 6
fi=(5)
63 42
+2 216 54 0 1 20 0 1 20
+2 120
-4 120
+13 6
+1 8 1
+1 80 40
fi=(6)
545 40 40
+34 80 80
+2 40 0 40
cob=(3)
cfi=(128) ./string/../sysdeps/x86_64/multiarch/rawmemchr.c
cfn=(408) rawmemchr
calls=1 31 
* 23 4 0 2 0 0 2
cob=(3)
cfi=(127) ./string/../sysdeps/x86_64/multiarch/strncase.c
cfn=(406) strncasecmp
calls=1 31 
* 7 3 0 1 0 0 1
cob=(3)
cfi=(126) ./string/../sysdeps/x86_64/multiarch/mempcpy.c
cfn=(402) mempcpy
calls=1 33 
* 22 4 0 3 0 0 3
cob=(3)
cfi=(125) ./string/../sysdeps/x86_64/multiarch/strspn.c
cfn=(400) strspn
calls=1 29 
* 7 3 0 1 0 0 1
cob=(3)
cfi=(123) ./string/../sysdeps/x86_64/multiarch/memchr.c
cfn=(396) memchr
calls=1 29 
* 23 4 0 3 0 0 3
cob=(3)
cfi=(122) ./string/../sysdeps/x86_64/multiarch/stpcpy.c
cfn=(392) stpcpy
calls=1 33 
* 17 4 0 2 0 0 2
cob=(3)
cfi=(120) ./wcsmbs/../sysdeps/x86_64/multiarch/wmemcmp.c
cfn=(388) wmemcmp
calls=1 29 
* 22 5 0 3 0 0 3
cob=(3)
cfi=(119) ./string/../sysdeps/x86_64/multiarch/strncpy.c
cfn=(384) strncpy
calls=1 29 
* 17 4 0 2 0 0 2
cob=(3)
cfi=(118) ./string/../sysdeps/x86_64/multiarch/strlen.c
cfn=(380) strlen
calls=1 29 
* 21 4 0 2 0 0 2
cob=(3)
cfi=(117) ./string/../sysdeps/x86_64/multiarch/strcasecmp_l.c
cfn=(378) strcasecmp_l
calls=1 31 
* 7 3 0 1 0 0 1
cob=(3)
cfi=(116) ./string/../sysdeps/x86_64/multiarch/strcpy.c
cfn=(374) strcpy
calls=1 29 
* 17 4 0 2 0 0 2
cob=(3)
cfi=(115) ./string/../sysdeps/x86_64/multiarch/strchrnul.c
cfn=(370) strchrnul
calls=1 31 
* 21 4 0 2 0 0 2
cob=(3)
cfi=(114) ./string/../sysdeps/x86_64/multiarch/memrchr.c
cfn=(366) memrchr
calls=1 29 
* 21 4 0 3 0 0 3
cob=(3)
cfi=(112) ./wcsmbs/../sysdeps/x86_64/multiarch/wmemset.c
cfn=(362) wmemset
calls=2 31 
* 38 8 0 2 0 0 2
cob=(3)
cfi=(110) ./string/../sysdeps/x86_64/multiarch/memcmp.c
cfn=(358) bcmp
calls=1 29 
* 22 5 0 3 0 0 3
cob=(3)
cfi=(109) ./string/../sysdeps/x86_64/multiarch/strncase_l.c
cfn=(356) strncasecmp_l
calls=1 31 
* 7 3 0 2 0 0 2
cob=(3)
cfi=(108) ./string/../sysdeps/x86_64/multiarch/strcat.c
cfn=(352) strcat
calls=1 29 
* 17 4 0 2 0 0 2
cob=(3)
cfi=(107) ./wcsmbs/../sysdeps/x86_64/multiarch/wcscpy.c
cfn=(350) wcscpy
calls=1 43 
* 7 3 0 1 0 0 1
cob=(3)
cfi=(106) ./string/../sysdeps/x86_64/multiarch/strcspn.c
cfn=(348) strcspn
calls=1 29 
* 7 3 0 2 0 0 2
cob=(3)
cfi=(105) ./string/../sysdeps/x86_64/multiarch/strcasecmp.c
cfn=(346) strcasecmp
calls=1 31 
* 7 3 0 1 0 0 1
cob=(3)
cfi=(104) ./string/../sysdeps/x86_64/multiarch/strncmp.c
cfn=(344) strncmp
calls=1 66 
* 17 4 0 3 0 0 3
cob=(3)
cfi=(102) ./wcsmbs/../sysdeps/x86_64/multiarch/wmemchr.c
cfn=(340) wmemchr
calls=2 31 
* 46 8 0 3 0 0 3
cob=(3)
cfi=(100) ./string/../sysdeps/x86_64/multiarch/stpncpy.c
cfn=(336) stpncpy
calls=1 31 
* 17 4 0 3 0 0 3
cob=(3)
cfi=(99) ./wcsmbs/../sysdeps/x86_64/multiarch/wcscmp.c
cfn=(332) wcscmp
calls=1 30 
* 21 4 0 2 0 0 2
cob=(3)
cfi=(98) ./string/../sysdeps/x86_64/multiarch/memmove.c
cfn=(328) memmove
calls=2 29 
* 44 8 0 4 0 0 4
cob=(3)
cfi=(97) ./string/../sysdeps/x86_64/multiarch/strrchr.c
cfn=(324) rindex
calls=1 28 
* 21 4 0 2 0 0 2
cob=(3)
cfi=(96) ./string/../sysdeps/x86_64/multiarch/strchr.c
cfn=(322) index
calls=1 61 
* 19 4 0 2 0 0 2
cob=(3)
cfi=(94) ./wcsmbs/../sysdeps/x86_64/multiarch/wcschr.c
cfn=(318) wcschr
calls=2 31 
* 42 8 0 3 0 0 3
cob=(3)
cfi=(92) ./string/../sysdeps/x86_64/multiarch/memcpy.c
cfn=(314) memcpy@@GLIBC_2.14
calls=1 29 
* 22 4 0 3 0 0 3
cob=(3)
cfi=(91) ./wcsmbs/../sysdeps/x86_64/multiarch/wcslen.c
cfn=(310) wcslen
calls=1 29 
* 19 4 0 2 0 0 2
cob=(3)
cfi=(89) ./string/../sysdeps/x86_64/multiarch/memset.c
cfn=(306) memset
calls=1 29 
* 24 4 0 2 0 0 2
cob=(3)
cfi=(87) ./wcsmbs/../sysdeps/x86_64/multiarch/wcsnlen.c
cfn=(302) wcsnlen
calls=1 29 
* 19 4 0 2 0 0 2
cob=(3)
cfi=(86) ./string/../sysdeps/x86_64/multiarch/strcmp.c
cfn=(300) strcmp
calls=1 65 
* 17 4 0 3 0 0 3
cob=(3)
cfi=(85) ./string/../sysdeps/x86_64/multiarch/strpbrk.c
cfn=(298) strpbrk
calls=1 29 
* 7 3 0 2 1 0 2
cob=(3)
cfi=(83) ./string/../sysdeps/x86_64/multiarch/strnlen.c
cfn=(294) strnlen
calls=2 31 
* 42 8 0 3 1 0 3
-36 40
+37 40 0 40 0 0 1 0 0 1
fi=(5)
77 121
fe=(78)
288 32 16 8 2 0 0 2
+3 24 8
+24 4 0 4
+3 8 4
+17 12 4 0 0 3
+2 32 28 0 0 1
-98 8 4 0 1 3 0 1
+3 2
+7 4 1 1 1 0 0 1
-9 2
fi=(5)
86 14 14 0 1 0 0 1
+2 14
+12 7
-14 28 7 7
+14 14 0 0 1 0 0 1
+10 10
+3 13
+1 3 3 0 0 2 0 0 1
fi=(6)
529 3 3 0 0 1 0 0 1
fi=(5)
114 3
fi=(6)
529 6
fi=(5)
114 1198 1198 0 0 149 0 0 149
fi=(6)
529 1198 1198 0 0 150 0 0 150
fi=(5)
114 1198
fi=(6)
529 2396
+5 2402
+1 1201 1201 0 0 150 0 0 150
fi=(5)
113 1201
fi=(6)
535 1201
-5 1201 0 1201 1 0 224 1 0 221
fi=(5)
113 2402
+7 28 7 7 0 4 1
+4 20 10 5 0 2
+2 10 5 0 1 0 0 1
-73 3 0 3 0 0 1
fi=(6)
484 3
fi=(5)
52 3 0 3
fi=(6)
484 6 0 3
fi=(5)
128 6 6 0 0 2 0 0 1
+1 3 3
+1 3 3 0 1 0 0 1
-2 3
+2 3 3
+3 3
-5 3
+2 3 0 3
-2 3 3 0 0 3 0 0 2
+1 6
+2 3
-2 3 0 3 0 0 1
+2 9 3 0 0 1
+2 6 0 0 1 0 0 1
-5 210 210 0 0 27 0 0 25
+1 105 105
+1 105 105
-2 105
+2 105 105
+3 105
-5 105
+2 105 0 105
-2 105 105 0 0 46 0 0 44
+1 210
+2 105
-2 105 0 105
+2 315 105
+2 210
+9 106 0 106
fi=(6)
262 212
+21 212
+4 212
+7 424 106 0 0 71 0 0 66
fi=(4) ./elf/../sysdeps/generic/ldsodefs.h
138 270 90
fi=(6)
294 3455 626 522 3 13 1 3 2
cfi=(79)
cfn=(280)
calls=87 840 
* 49498 13570 5950 51 350 10 50 293 5
* 783 348 87 1 0 1 1
+2 270
+30 634 106 0 0 2 0 0 2
450 267 178 89 1 12 11 1 11 8
fi=(5)
145 301 89
-19 324 108
+32 15 6 0 1 0 0 1
+1 6 2
fi=(6)
294 2 0 2
+22 2
-22 4
fi=(5)
160 6 2 0 1 0 0 1
+3 2 2
+4 2 2
-4 2
+4 4 2 2
-2 2 2
-2 2 2
+2 2
+1 2 2
-1 4 0 2
fi=(6)
294 8 2 0 1 2 0 1
508 2 2 0 1 0 0 1
-1 4 4
+1 4
+1 2 0 2
cfi=(15)
cfn=(436)
calls=1 71 
* 6 2 0 1
cob=(3)
cfi=(81) ./string/../sysdeps/x86/cacheinfo.c
cfn=(290) __x86_cacheinfo
calls=1 86 
* 28 9 8 3 2 3 3 0 3
+1 2 2
fi=(5)
159 2
fi=(6)
510 2 0 2 0 0 1
fi=(5)
159 8 0 0 1 0 0 1
-13 39 13 0 1 0 0 1
fi=(6)
422 51 17 0 1 0 0 1
+4 68 17 0 0 1
+5 17 17
+9 17 17
-9 34 17 0 0 2 0 0 2
+9 17 0 17 0 0 6 0 0 6
fi=(5)
145 66 17 0 2 0 0 2
fi=(6)
296 151 119 0 1 0 0 1
+3 103
-3 103 103
+3 206
+2 5 1
+3 2
+1 3 1 0 1 0 0 1
+11 2 0 2 1 0 0 1
+7 1 0 1
cob=(3)
cfi=(89)
cfn=(306)
calls=1 29 
* 24 4
* 3 2
+3 2
fi=(5)
135 10 2 4 1 0 1 1
+3 2
fi=(6)
296 87 87 0 1 0 0 1
+3 87 87
-3 190 6
+3 4 0 0 1 0 0 1
fi=(5)
50 8 4 0 1 0 0 1
fe=(78)
308 14 0 0 1 0 0 1
fi=(6)
-14 29 13 6 1 0 0 1
fe=(78)
+49 20 12 0 2 0 0 2
+3 4
-3 4
+3 4
+4 8
+1 16 0 4
cfi=(72)
cfn=(236)
calls=4 117 
* 24 4
* 8
-63 6 0 2
fi=(5)
53 2 0 2 1 0 0 1
175 7 2 1
+2 2 2
+1 2 2
-1 1
+3 1
-3 4 0 1 1 0 0 1
+3 2
-3 10 10 0 0 1 0 0 1
+1 10 10
-1 5
+3 5
-3 20 0 5
+3 10
+8 6 0 6
fi=(6)
+74 12
+21 12
+4 12
+7 24 6 0 1 2 0 1 2
fi=(4)
138 18 6
fi=(6)
294 204 36 36 2 1 0 2
cfi=(79)
cfn=(280)
calls=6 840 
* 3251 828 360 2 20 0 2 17
* 54 24 6 1 0 0 1
+2 18
+30 36 6 0 0 1 0 0 1
450 12 6 6 1 1 1 1 1 1
fi=(5)
191 18 6
-16 18 6
+30 4 1
fi=(6)
+91 2 2 0 1 0 0 1
+3 2
-3 2 2
+3 4
-3 2 2 0 1 0 0 1
+3 2 2
-3 4
fe=(78)

fl=(10)
fn=(54)
157 15 0 0 1 0 0 1
-55 5
+55 5
-55 5
+55 5
-55 35 5 0 1 0 0 1
+9 5 5
+1 5 5
fi=(212) ./elf/./dl-tunable-types.h
-22 10
fe=(10)
+22 20 5
+1 40 10 0 1 0 0 1
fi=(11) ./elf/./elf/dl-tunables.h
+8 10
+1 5
fe=(10)
-6 15
fi=(11)
+15 5
fe=(10)
-12 10
+4 10
+7 10 0 0 1 0 0 1
+1 10
+3 30 0 5
+1 5 0 5
+1 5 0 5
+1 5 0 5
+24 5 5
fi=(11)
-30 15 0 0 1 0 0 1
fe=(10)

fn=(24)
405 33 0 0 1 0 0 1
+3 231 33 0 1 28 0 1 17
+9 33 33 0 0 2
-9 126
+9 10 0 10
+17 165 33 0 0 7 0 0 1
+2 33 33 0 1 0 0 1
-9 23 0 23
+1 23

fn=(18)
282 9 0 6 2 0 1 2 0 1
-9 7 1
71 155 51
+6 50 50 0 0 11 0 0 11
-3 50
+3 3723 489 0 1 9 0 1 9
-3 50
-3 100
357 8 7
81 100 0 0 1 0 0 1
+5 150
fi=(11)
+54 50
fe=(10)
-54 50
fi=(11)
+54 50
+1 130
-1 105 30 0 0 1 0 0 1
+1 30
-1 50 50
+1 100 0 0 1 0 0 1
fe=(10)
323 200 50
-18 7000
+6 11000 3500 0 1 35 0 1 35
fi=(11)
140 450 450
+1 900
-1 69 69
+1 276
-1 345 69
fe=(10)

fl=(141) ./elf/../sysdeps/x86_64/dl-trampoline.h
fn=(456) _dl_runtime_resolve_xsave
67 2 0 0 1 0 0 1
+5 2 0 2
+3 2
+2 2
+10 2 2
+6 2 0 2 0 0 1 0 0 1
+1 2 0 2
+1 2 0 2 1 0 0 1
+1 2 0 2
+1 2 0 2
+1 2 0 2
+1 2 0 2
+4 2
+1 2
+3 2 0 2
+1 2 0 2
+2 2 0 2
+1 2 0 2
+1 2 0 2 1 0 0 1
+1 2 0 2
+1 2 0 2
+1 2 0 2
+2 2 0 68 0 0 8 0 0 2
+7 2 2
+1 2 2
+1 2 0 2 0 0 1
cfi=(142)
cfn=(458)
calls=2 -80 
* 1555 431 164 7 10 10 7 4
+1 2
+5 2
+1 2
+1 2 72
+2 2 2 0 1 0 0 1
+1 2 2
+1 2 2
+1 2 2
+1 2 2
+1 2 2
+1 2 2
+2 2
+2 2 2
+4 2
+2 2

fl=(47) ./elf/../elf/dl-tls.c
fn=(264) _dl_allocate_tls_storage
422 2 0 1 1 0 0 1
+13 1 1
-13 2 0 2
+2 1 1
+12 1
fi=(28)
56 1 1 1
cfi=(27)
cfn=(76)
calls=1 -21 
* 53 8 7
fe=(47)
437 3
+8 2 0 0 1 0 0 1
fi=(28)
44 1
fe=(47)
445 2
+1 1
+4 321 0 313 1 0 39 1 0 39
+19 1 0 1 0 0 1 0 0 1
-99 1 1
+4 1
+1 1
fi=(28)
44 1 1 1
cfi=(27)
cfn=(72)
calls=1 +34 
* 36 6 5
fe=(47)
376 2
+3 1 0 1 0 0 1 0 0 1
+6 2 0 1
+90 5 4

fn=(414) _dl_allocate_tls_init
528 10 0 8 2 0 0 2
+1 2
+4 1 1 0 0 1
+6 1
-6 1 0 1
+6 1 1 1 0 1
cfi=(24)
cfn=(84)
calls=1 42 
* 3 1
+3 3 2 0 0 1
+12 1 1 0 1 0 0 1
-18 1
-1 1 0 1
+43 3
-19 13 2 0 1 0 0 1
+9 3 1
+1 2
+6 3 2
+1 1
+2 2 2 0 1 1 0 1
-2 1
+6 1 1
-4 2
+4 1
-4 2 1 1
+3 2
+4 2
+1 4 2 0 1 0 0 1
+2 2
+1 2 1
+17 1 1
-8 1 0 1
+8 1
+2 3 1 1
cfi=(29)
cfn=(128)
calls=1 199 
* 13 3 2 0 0 1 0 0 1
* 5 0 1
cfi=(44)
cfn=(132)
calls=1 125 
* 25 1 8 0 0 2 0 0 2
-49 1 1
+55 1 1
-55 4
+6 4 0 0 1 0 0 1
+55 2 1 1 0 1
cfi=(24)
cfn=(84)
calls=1 42 
* 3 1
+3 2 1 1 1 0 0 1
+3 9 8

fn=(262) _dl_determine_tlsoffset
221 8 0 6 2 0 0 2
+6 3 1
+3 2 1
+36 3 1
+2 1 1
-2 1
-2 1
-40 1
-1 1
-1 1
+46 2 0 1 1 0 0 1
+23 3
+3 1
-3 4
+2 2
-2 1
-25 1
+20 1 0 1
-20 5 1
+2 2 1 0 1 0 0 1
+3 1 1
-1 1 1
+5 2 1
-5 1
+1 1
-1 1
+3 2 0 0 1 0 0 1
+2 3
+32 3 1 0 1 0 0 1
-1 1 0 1
+1 4
+2 2
-2 2 0 1
+53 8 7 0 1 0 0 1

fn=(412) _dl_add_to_slotinfo
1015 8 0 4 1 0 0 1
+6 1 1
+3 1 1 0 0 1
+1 1
+4 3 1 0 1 0 0 1
+34 2
+3 3 0 1
+1 3 1 1
+3 6 5

fn=(148) _dl_count_modids
197 1 0 0 1 0 0 1
+2 2 1
+1 1 1
+15 2 1

fn=(260) _dl_tls_static_surplus_init
97 2 0 1 1 0 0 1
+4 1
-4 2 0 1
+4 1
-4 2 0 1
+4 3 0 1
cfi=(10)
cfn=(24)
calls=1 405 
* 21 4 1 0 1 0 0 1
* 1 1 0 1 0 0 1
+1 4 0 1
cfi=(10)
cfn=(24)
calls=1 405 
* 21 4 1 0 1 0 0 1
* 1
+8 1
-8 1 1
+6 2
+2 3
+3 1
+2 1 0 1
-32 3
+34 3 0 1
+1 5 4

fn=(238) _dl_assign_tls_modid
131 2 0 0 1 0 0 1
+3 1 1
+13 1 1 0 1 0 0 1
-13 1
+52 1
+2 1 0 1
+3 1 0 1
+1 2 1

fl=(65) ./io/../sysdeps/unix/sysv/linux/access.c
fn=(208) access
25 1 0 0 1 0 0 1
+2 7 0 1
+4 1 1

fl=(42) ./string/../sysdeps/x86_64/multiarch/../strchr.S
fn=(118) index
23 15 0 0 1 0 0 1
+1 15
+1 15
+1 15
+1 15
+1 15
+1 15
+1 15
+1 15
+1 15 15 0 0 3 0 0 3
+1 15
+1 15 0 0 1 0 0 1
+1 15
+1 15
+1 15
+1 15
+1 15
+1 15
+1 13
+4 13
+1 13
+1 13 13
+1 13
+2 13 13
+4 2 2
+1 2
+1 2
+1 2 0 0 1 0 0 1
+1 2
+1 2
+1 2 2
+1 2
+1 2
+1 2
+1 2
+1 2
+1 2
+1 2 2
+1 2
+1 2
+1 2
+1 2
+1 2
+1 2 0 0 1 0 0 1
+1 2
+1 2
+1 2
+1 2
+52 2 0 0 2 0 0 1
+4 2
+1 2
+1 2 2
+1 2
+2 2 2

fl=(52) ./elf/./elf/dl-error-skeleton.c
fn=(162) _dl_catch_error
225 10 0 3 1 0 0 1
+2 2 0 1
cob=(2)
cfi=(51)
cfn=(164)
calls=1 0 
* 2759 589 289 113 35 34 113 35 34
+1 2 1 1
+1 1 1
+1 1 1 0 1 0 0 1
-1 1 0 1
+1 1 0 1
+2 5 4

fn=(250) _dl_receive_error
238 6 0 2
+1 1 1
+1 1 1
+3 1 0 1 1 0 0 1
+1 1 0 1
+2 1 0 1
cfi=(2)
cfn=(252) version_check_doit
calls=1 696 
* 3936 1169 317 28 35 23 28 33 22
+2 1 0 1
+1 1 0 1
+1 4 3

fn=(166) _dl_catch_exception
175 9 0 3 1 0 0 1
+5 3 3
-5 9 0 9 1 0 3 1 0 3
+5 3 0 3
-2 6
+22 3
-1 3 0 3 0 0 1 0 0 1
+7 6
-6 3 0 3
+3 6 0 3
+3 3 0 3
cfi=(53)
cfn=(168)
calls=3 30 
* 72 15 27 3 0 1 3 0 1
* 12
+2 9 6 3 1 0 0 1
cfi=(66)
cfn=(214)
calls=2 61 
* 6097 1201 726 96 40 67 96 40 67
cfi=(2)
cfn=(170) map_doit
calls=1 663 
* 2698 576 267 106 35 32 106 35 32
+2 3 3
-1 3 3
+1 3
-1 3 0 3
+1 6 0 6
+9 12 6

fl=(41) ./elf/./elf/dl-hwcaps_split.c
fn=(116) _dl_hwcaps_split_masked
51 55 0 22 1 0 0 1
-25 42 14
+4 24 12 12
+4 48 12 0 1 1 0 1 1
+1 12 0 6
-1 24 6
+2 24
+5 27 0 9
cfi=(42)
cfn=(118)
calls=9 -18 
* 216 27 0 2 1 0 2 1
+1 18
+3 6
+11 12 6 6
+1 12
+1 6
-1 6 0 6
+1 6
-2 6 3 3
+1 6
+1 3
-1 3 0 3
+1 27 6 6
cfn=(120) _dl_hwcaps_contains
calls=6 +8 
* 30 6 0 1 0 0 1
* 12
-3 5 0 0 1 0 0 1
+7 44 33
-19 6 0 3
cfi=(22)
cfn=(60)
calls=3 -2 
* 51 6
* 3

fn=(122) _dl_hwcaps_split
25 4 0 2 1 0 0 1
+1 3 1
+21 1 0 0 1 0 0 1
-20 1
+20 3 3

fn=(120)
66 6 0 0 1 0 0 1
+1 12
+1 6
+9 6 6

fl=(55)
fn=(178)
28 13 0 0 1 0 0 1
+3 13
-3 39 0 13
+3 78 0 0 1 0 0 1
+8 91
+2 3 3
-2 30 0 10
+2 10 10

fl=(36) ./posix/../sysdeps/unix/syscall-template.S
fn=(102) uname
120 5 0 0 1 0 0 1
+2 1 1

fl=(7) ./elf/./elf/dl-minimal.c
fn=(424) __rtld_malloc_init_real
76 2 0 1 1 0 0 1
+10 1
fi=(131) ./elf/../sysdeps/generic/dl-hash.h
-41 1 0 0 1 0 0 1
fe=(7)
+31 1 0 1
fi=(131)
-32 1
fe=(7)
+32 5 0 3
+11 1 0 1
-1 1 0 1
fi=(131)
-43 1
+5 3
+14 4
-17 3 1 0 1 1 0 1 1
+3 15
+14 20
-17 15 5
fe=(7)
+46 2
fi=(131)
-24 1
fe=(7)
+22 1 0 1
+2 2
fi=(131)
-19 1 0 1
fe=(7)
+19 1 0 1
cfn=(428) lookup_malloc_symbol
calls=1 -30 
* 575 165 77 5 0 0 5
+1 3
-1 1
+1 1 0 1 1 0 0 1
cfn=(428)
calls=1 -31 
* 575 164 77 4 6 0 4 1
+1 3
-1 1
+1 1 0 1
cfn=(428)
calls=1 -32 
* 561 166 77
+1 3
-1 1
+1 1 0 1
cfn=(428)
calls=1 -33 
* 553 165 77 0 5 0 0 4
+5 1 0 1
+1 1 0 1
+1 1 0 1 1 0 0 1
+1 1 0 1
+1 7 6

fn=(136) strsep
239 2 0 0 1 0 0 1
+3 4 2 0 0 1 0 0 1
+2 2 2
+1 4
+4 33 1 0 1 0 0 1
+7 84 28 0 0 1 0 0 1
-2 56 28
+13 1 0 1
+4 4 2
-22 14 14
+15 14
-15 30

fn=(12) __rtld_malloc_init_stubs
42 1 0 0 1 0 0 1
+1 2 0 1 0 0 1 0 0 1
+1 2 0 1
+1 2 0 1 1 0 0 1
+1 2 0 1
+1 1 1

fn=(428)
61 8 0 4 1 0 0 1
+3 4
-3 16 0 8
+3 4
-3 4
+3 8 4 0 1 0 0 1
-1 4 0 4
+1 12 0 12
cfi=(79)
cfn=(280)
calls=4 840 
* 2104 608 276 6 11 0 6 5
+4 28 16
+1 28 12
+2 4 0 4 1 0 0 1
fi=(132) ./elf/./dl-sym-post.h
-30 8
+12 12 4
fe=(7)
+19 20 16

fl=(32)
fn=(90)
108 170 0 0 1 0 0 1
+33 170
+1 170
+2 170
+1 170
+21 170
+1 170
+1 149
+1 149
+1 130 130 0 0 19 0 0 13
+1 130 130 0 1 5 0 1 4
+1 130 130
+1 130 130
+21 130
+1 130
+1 130
+1 130
+1 130
+1 130
+1 130
+5 5
+1 15
+9 5
+1 5
+1 5
+1 5
+1 5
+1 5
+1 5
+1 5
-7 40 0 0 1 0 0 1
+1 40
+1 40
+1 40
+1 40
+1 40
+1 40
+1 40
+1 41
+1 27
+1 27
+1 27
+2 27
+1 27
+1 27
+1 27 27 0 0 3 0 0 1
+1 27
+1 27
-5 14
+1 14
+1 14
+1 14 14 0 0 2 0 0 1
+1 14
+1 14
+10 4 4 0 2 1 0 1 1
+1 4
+1 4
+2 4 4 0 0 1 0 0 1
+6 4
+1 4
+1 4
+1 4
+1 4
+5 4
+2 3
+1 3
+1 6
+8 3 3 0 1 0 0 1
+1 3 3
+3 3
+1 3
+1 3
+1 3
+1 3
+1 3
818 1 0 0 1 0 0 1
+1 1 1
+1 1 1
+1 1
+1 1
+2 1
+1 1
+1 1 0 0 1 0 0 1
+1 1
+1 1
+1 1
+1 1
943 2 0 0 1 0 0 1
+1 2 2
+1 2 2
+1 2
+1 2
+2 2
+1 2
+1 2 0 0 1 0 0 1
+1 2
+1 2
+1 2
+1 2
+1 2 2
+4 2
+1 2
+1 2
+6 2
+1 2
+1 4
+4 2 0 0 1 0 0 1
+1 2
+3 2 2 0 0 1 0 0 1
+1 2 2
+1 2
+3 2
+1 2
+1 2
+6 2
+1 2
+1 2
+1 2
+1 2
+1 2 0 0 1 0 0 1
+72 5 0 0 1 0 0 1
+1 5 5 0 0 1 0 0 1
+1 5 5
+1 5
+1 5
+2 5
+1 5
+1 5 0 0 1 0 0 1
+1 5
+1 5
+1 5
+1 5
+1 1 1
+4 1
+1 1
+1 1
+6 1
+1 1
+1 2
+4 1 0 0 1 0 0 1
+1 1
+3 1 1
+1 1 1 0 0 1 0 0 1
+1 1
+3 1
+1 1
+1 1
+6 1
+1 1
+1 1
+1 1
+1 1
+1 1 0 0 1 0 0 1
+7 1
+1 1
+2 1
+1 1
+2 1 1
+1 1 1
+1 1
+3 1
+1 1
+1 1
+6 1
+1 1
+1 1
+1 1
+1 1 0 0 1 0 0 1
+1 1
+41 2 0 0 1 0 0 1
+1 2 2
+1 2 2
+1 2
+1 2
+2 2
+1 2
+1 2 0 0 1 0 0 1
+1 2
+1 2
+1 2
+1 2
1318 3 0 0 1 0 0 1
+1 3 3 0 0 2 0 0 2
+1 3 3
+1 3
+1 3
+2 3
+1 3
+1 3 0 0 1 0 0 1
+1 3
+1 3
+1 3
+1 3
+1 3 3
+4 3
+1 3
+1 3
+6 3
+1 3
+1 6
+4 3 0 0 1 0 0 1
+1 3
+3 3 3
+1 3 3
+1 3
+3 3
+1 3
+1 3
+6 3
+1 3
+1 3
+1 3
+1 3
+1 3 0 0 1 0 0 1
+72 6 0 0 1 0 0 1
+1 6 6 0 0 2 0 0 2
+1 6 6
+1 6
+1 6
+2 6
+1 6
+1 6 0 0 1 0 0 1
+1 6
+1 6
+1 6
+1 6
+1 4 4
+4 4
+1 4
+1 4
+6 4
+1 4
+1 8
+4 4 0 0 1 0 0 1
+1 4
+3 4 4 0 0 1 0 0 1
+1 4 4 0 0 1 0 0 1
+1 4
+3 4
+1 4
+1 4
+6 4
+1 4
+1 4
+1 4
+1 4
+1 4 0 0 1 0 0 1
1693 3 0 0 1 0 0 1
+1 3 3 0 0 1 0 0 1
+1 3 3
+1 3
+1 3
+2 3
+1 3
+1 3 0 0 1 0 0 1
+1 3
+1 3
+1 3
+1 3
+1 2 2
+4 2
+1 2
+1 2
+6 2
+1 2
+1 4
+4 2 0 0 1 0 0 1
+1 2
+3 2 2 0 0 1 0 0 1
+1 2 2 0 0 1 0 0 1
+1 2
+3 2
+1 2
+1 2
+6 2
+1 2
+1 2
+1 2
+1 2
+1 2 0 0 1 0 0 1
+72 2 0 0 1 0 0 1
+1 2 2
+1 2 2
+1 2
+1 2
+2 2
+1 2
+1 2 0 0 1 0 0 1
+1 2
+1 2
+1 2
+1 2
1943 1 0 0 1 0 0 1
+1 1 1
+1 1 1 0 0 1
+1 1
+1 1
+2 1
+1 1
+1 1 0 0 1 0 0 1
+1 1
+1 1
+1 1
+1 1
+1 1 1
+4 1
+1 1
+1 1
+6 1
+1 1
+1 2
+4 1 0 0 1 0 0 1
+1 1
+3 1 1
+1 1 1
+1 1
+3 1
+1 1
+1 1
+6 1
+1 1
+1 1
+1 1
+1 1
+1 1 0 0 1 0 0 1
+72 16 0 0 1 0 0 1
+1 16 16 0 0 1 0 0 1
+1 16 16 0 0 4 0 0 4
+1 16
+1 16
+2 16
+1 16
+1 16 0 0 1 0 0 1
+1 16
+1 16
+1 16
+1 16
+2 6 6
+4 6
+1 6
+1 6
+6 6
+1 6
+2 12
+4 6 0 0 1 0 0 1
+1 6
+3 6 6 0 0 3 0 0 3
+1 6 6 0 0 2 0 0 2
+1 6
+3 6
+1 6
+1 6
+6 6
+1 6
+1 6
+1 6
+1 6
+1 6 0 0 1 0 0 1
+74 22
+2 22
+1 22
+1 22
+1 22
-3 23 0 0 1 0 0 1
+1 23
+1 23
+1 23
+1 54
+5 27
+6 27 27
+1 27 27
+8 27
+1 27 27
-16 143 0 0 1 0 0 1
+6 143 143
+1 143 143
+8 143
+1 143 143

fl=(24)
fn=(66) __tls_pre_init_tp
53 3 0 0 1 0 0 1
+3 8 0 2 1 0 1 1 0 1
+5 1
-5 1
+5 1 0 1
+1 1 0 1
-6 1 0 1
+8 1 1

fn=(266) __tls_init_tp
68 2 0 1
fi=(213) ./elf/../include/list.h
-24 1
fe=(24)
+24 1
fi=(213)
-25 1 1 0 1 1 0 1
fe=(24)
+26 1 1
+3 1
fi=(213)
-29 1 0 1
+1 1 0 1
+1 1 0 1
+2 1 0 1
fe=(24)
+28 4 0 1 1 0 0 1
+1 2 0 1
+1 1 0 1
+5 2 1 1
+5 1
+6 1
-3 1 0 1 1 0 0 1
+3 1
-6 3 0 1
+6 1
+13 3
fi=(76) ./elf/../sysdeps/unix/sysv/linux/rseq-internal.h
-72 1
fe=(24)
+72 1 0 1
cfi=(10)
cfn=(24)
calls=1 405 
* 20 4 1 0 2 0 0 1
fi=(76)
-74 3 1
+2 6 0 0 1 0 0 1
+3 2
+3 1 0 1
fe=(24)
+83 3 2 1 0 1
+7 2 1 1 1 0 0 1
+2 1 0 1
+1 1 0 1
+1 3 2

fn=(84)
42 8
+2 16 8

fl=(71) ./io/../sysdeps/unix/sysv/linux/pread64_nocancel.c
fn=(232) __pread64_nocancel
25 8 0 0 1 0 0 1
+1 16
+1 4 4

fl=(56) ./io/../sysdeps/unix/sysv/linux/read_nocancel.c
fn=(180) __read_nocancel
25 2 0 0 1 0 0 1
+1 8
+1 2 2

fl=(58)
fn=(190)
29 6 0 0 1 0 0 1
+1 6
+5 9
cfi=(59)
cfn=(192)
calls=3 153 
* 24 3 0 1 0 0 1

fl=(2)
fn=(156) handle_preload_list
894 10 0 7 1 0 1 1 0 1
+5 1 1
-5 2 0 2 0 0 1 0 0 1
+5 2
+6 1
-64 1
+54 3 0 0 1 0 0 1
+7 3 0 1
cfi=(50)
cfn=(158)
calls=1 25 
* 233 108 34 3 2 4 3 2 4
* 1
+1 3
+9 1
191 1 1 0 1 0 0 1
914 2 1
191 2
916 2 1
-80 1 1
+5 5
-10 1 0 1 1 0 0 1
+8 1 1
-4 1 0 1
+1 1 0 1
+1 1 0 1
+4 1 0 1
cob=(2)
cfi=(51)
cfn=(160) 0x0000000004002080
calls=1 0 
* 2784 597 296 116 35 34 116 35 34
+1 3 1
+8 3 1
+67 1
-18 2 1
+21 9 7
-15 4 0 1 1 0 0 1
cfi=(29)
cfn=(80)
calls=1 212 
* 19 5 4 1 0 1 1 0 1
+1 2 0 1

fn=(170)
663 2 0 1 1 0 0 1
+2 1 1
-2 1
+2 1
+1 2 2 0 1 0 0 1
-1 2
+1 3 0 1
cfi=(31)
cfn=(172)
calls=1 2022 
* 2683 571 264 104 35 32 104 35 32
* 1 0 1
+2 2 2

fn=(258) init_tls
756 3 0 2 1 0 0 1
+2 1 1
+4 1 1
-4 1 0 1
+4 2
+11 1
fi=(28)
44 1
fe=(2)
768 1 0 0 1 0 0 1
+4 1
fi=(28)
44 1 1 1
cfi=(27)
cfn=(72)
calls=1 +34 
* 36 6 5
fe=(2)
783 1 1 0 0 1 0 0 1
-12 1 0 1
+6 1
-9 1 0 1
+11 1 0 1
+4 1
+2 3 1 0 1 0 0 1
-1 2
+3 8 4
+4 1
+2 1
-2 2 0 1
-5 1 1
-1 2
+10 3 1
+3 2 0 1 1 0 0 1
cfi=(47)
cfn=(260)
calls=1 97 
* 79 14 9 2 2 0 2 2
+3 1 0 1
cfi=(47)
cfn=(262)
calls=1 221 
* 76 17 10 7 0 0 7
+7 1 0 1
cfi=(47)
cfn=(264)
calls=1 422 
* 442 23 333 3 0 41 3 0 41
* 1
+1 2
+6 1 1
+3 2
-3 1 0 1
+3 6 0 2
+3 1 0 1
cfi=(24)
cfn=(266)
calls=1 68 
* 75 13 18 5 4 0 5 1
+1 1 0 1
+3 5 3
-39 3 3 0 1 0 0 1
-1 7

fn=(64)
1320 2 0 1 1 0 0 1
205 1
311 1
1320 2 0 1
2818 1
1320 3 0 2 1 0 0 1
2829 1
1320 2 0 2
2698 1
1320 2 0 1 0 0 1 0 0 1
311 1 0 1
1320 3 0 3
207 1 0 1 1 0 0 1
310 1 0 1
205 1 0 1
+99 3 0 3
1332 1 0 1 0 0 1 0 0 1
cfi=(24)
cfn=(66)
calls=1 53 
* 17 1 5 2 0 1 2 0 1
2677 3 1 2
+6 5 1 0 1 0 0 1
-4 1
+4 1 0 1 0 0 1 0 0 1
+2 3 0 1
cfi=(25) ./elf/./elf/dl-environ.c
cfn=(68) _dl_next_ld_env_entry
calls=1 28 
* 53 19 1 2 0 0 2
* 4 0 2
cfi=(25)
cfn=(68)
calls=2 28 
* 286 99 1
* 9
+4 6 2
-2 2
+2 6
+1 2 0 0 1 0 0 1
-1 6 2
+1 17
-1 89 17
+9 12 2 0 0 1 0 0 1
2845 4 1 0 1 0 0 1
+32 2
1348 1 1
+1 2 1
-1 2 1 1
+1 2 1 0 1 0 0 1
2774 3 1 0 1 0 0 1
+1 3 1
-56 2 1 0 1 0 0 1
+7 2 1
1627 9 0 2 2 0 0 2
cfi=(26)
cfn=(70)
calls=1 59 
* 230 29 51 21 4 14 21 4 14
* 1
+2 2
+1 1 1
+6 2
-6 1 0 1
+1 2 1 1
+1 3 2 1 1 0 0 1
+4 1 0 1
cfi=(26)
cfn=(82)
calls=1 31 
* 36 9 8 3 0 0 3
+1 2 1
1140 1 1
1326 1 0 1
1169 1 1
-29 1 0 1
+11 1 0 1
+18 2 1 0 1 0 0 1
-21 1 1 0 0 1 0 0 1
+21 1
-19 1 0 1
-4 1 0 1
+23 1
-21 1 0 1 0 0 1 0 0 1
+21 2
+57 1 1 0 1 0 0 1
-83 1 0 1
+23 1
+4 1
+19 1
+22 1
+15 5
-56 116 22 0 1 7 0 1 7
1275 4 2 1 0 1 0 0 1
+2 1
1169 18 0 0 1 0 0 1
fi=(30) ./elf/../sysdeps/x86/dl-prop.h
105 2 0 1
fe=(2)
1282 22
+6 4 0 1
cfi=(31)
cfn=(88) _dl_process_pt_gnu_property
calls=1 868 
* 20 8 0 3 1 0 3 1
-7 26 13
+1 13 13 0 1 0 0 1
+6 13
-6 26
fi=(30)
212 4 4
+1 2 2
95 8 4
+10 2
212 1
105 1
-2 1
-3 1 0 0 1 0 0 1
+2 1 0 1
+3 1
-4 2 0 1
+92 4
-1 1
-87 3
+3 3 1 0 1 0 0 1
+1 2 1
+1 2 1
+4 3 1
+4 3 0 1
+3 3 1 0 1 0 0 1
+1 2
+4 1
+1 4 0 1
+58 3
+2 4
-56 4 2 0 1 0 0 1
+1 2 2
+3 4
+3 2
+1 8
+5 4 0 0 1 0 0 1
+2 4
+5 4
+14 2 2
-1 4
+2 2
fe=(2)
1174 1 1 0 1 0 0 1
-5 1 0 0 1 0 0 1
+5 2 1 1
-5 2
+30 1 1
-9 1 1
+27 1 0 1
-27 1 1 0 0 1 0 0 1
+2 1 0 1
-3 1 0 1
+10 2 0 0 1 0 0 1
-20 2 2 0 1 0 0 1
-10 1
+10 1 0 1
+1 9 2 1
-11 2
+57 4 4 0 1 1 0 1 1
-1 4 4
+1 8
-1 4
+2 8 4
+1 1 0 1
+2 12 4
+1 14 0 0 1 0 0 1
+4 8 4 0 0 3 0 0 3
+1 8 4
+1 4 0 4
+1 10 5
+1 1 0 1
+4 1
-74 1
+74 2
-74 2
+74 3 0 0 1 0 0 1
-74 3
+74 6
-74 6
fi=(30)
165 2 0 1
fe=(2)
1271 1 1
1169 1
1271 1 0 1 0 0 1 0 0 1
1169 2 0 0 1 0 0 1
1294 1 1 0 0 1 0 0 1
+3 2 2
+2 1 1
-5 2
+3 2
+2 2 0 0 1 0 0 1
+2 2 1
1662 3 1
+2 1
-1 1 1
+1 2 2 0 1 0 0 1
+1 2 2
-2 1 1
+2 1 1
-2 2 0 1
cfi=(32)
cfn=(90)
calls=1 108 
* 34 5 0 5 1 0 5 1
* 2
+7 1 0 1 0 0 1 0 0 1
+3 1 1
-5 1 0 1
+3 1 0 1 1 0 1 1 0 1
+2 1
+1 2 0 1
+4 2 1
+2 2 1
fi=(3) ./elf/./get-dynamic-info.h
39 3 1 0 1 0 0 1
+6 1 1 0 0 1 0 0 1
-2 1
+2 2
+9 1
+5 1
+3 1
+2 1
-3 1
-3 1
-3 17
+13 5 0 5 0 0 2 0 0 2
-23 20 5 0 0 1 0 0 1
+23 21 0 21 0 0 4 0 0 4
-23 84 21 0 0 5 0 0 5
+4 52 0 0 1 0 0 1
+5 24
+2 5
+16 3 1 0 1 0 0 1
+25 3 1
+5 2 1
+7 2 1
+1 3 2
+22 3 1 0 1 0 0 1
+5 2 1 1
+2 2
+2 2
+2 2
+1 1 0 1
+3 3 1 0 1 0 0 1
+2 3 1 1
+1 2
+9 2 1
+6 2
+1 2 1 1
+3 2 1 0 1 0 0 1
fe=(2)
1688 3 1
+7 2 0 1 1 0 0 1
cfi=(8)
cfn=(14)
calls=1 25 
* 29 8 5 0 1 0 0 1
+3 2 1
fi=(33) ./elf/./setup-vdso.h
24 2 1 0 0 1 0 0 1
fi=(35) ./elf/../sysdeps/unix/sysv/linux/dl-vdso-setup.h
+21 1 0 1 1 0 0 1
fe=(2)
1723 1 0 1
cfi=(13)
cfn=(100) _dl_discover_osversion
calls=1 46 
* 90 13 4 5 1 1 5 1 1
* 8 1 1
fi=(37) ./elf/./dl-main.h
109 5 4 1 1 0 0 1
cfi=(31)
cfn=(106) _dl_init_paths
calls=1 706 
* 2926 561 407 95 8 19 95 8 19
fe=(2)
1731 3 1 1
cfi=(46)
cfn=(146)
calls=1 56 
* 30 6 5 5 1 0 5 1
+7 1 1
-7 1 0 1
+2 1 0 1
+5 1
+4 1 1
+3 1 0 1 1 0 0 1
-3 3 0 1
+1 2 0 1
+3 1 0 1
+5 1 1
-7 1 0 1
+7 1
+1 3 1 1 1 0 0 1
+12 2 1 0 0 1 0 0 1
+1 2 1
+5 1 1
-3 2 1
+2 1 0 1
+1 2 0 1 1 0 0 1
+5 3
+1 5 1 0 0 1 0 0 1
-1 2
233 1 1 0 1 0 0 1
-1 1 1 0 0 1 0 0 1
+1 3 2
+1 2
-2 1 1 0 1 0 0 1
+2 2
1793 2 1 0 1 0 0 1
+5 1 1
-1 1 0 1 1 0 0 1
+1 1
+24 1 0 1
cfi=(47)
cfn=(148)
calls=1 197 
* 6 3 0 1 0 0 1
* 1 0 1
fi=(48) ./elf/../sysdeps/generic/dl-debug.h
29 3 1
+1 2 1 1
fe=(2)
1828 2 1 1
+1 1 0 1
cfi=(46)
cfn=(152)
calls=1 116 
* 2 1 0 1 0 0 1
+1 1 0 0 1 0 0 1
+4 3 0 1
cfi=(49) ./elf/./elf/dl-audit.c
cfn=(154) _dl_audit_activity_map
calls=1 28 
* 16 7 4 3 0 0 3
+5 3 2
+2 1
+2 2 1
+9 2 1
+16 4 0 1 1 0 0 1
cfi=(65)
cfn=(208)
calls=1 25 
* 9 1 1 1 0 0 1
* 2
+76 4 2
+16 3 1
85 1
1970 1
85 2 0 0 1 0 0 1
1970 2
85 1
1970 5 1 1
cfi=(66)
cfn=(210)
calls=1 159 
* 7724 1528 970 150 43 79 148 43 79
92 1
1976 1 1
92 2
+9 2 0 1
1976 2 0 0 1 0 0 1
+1 5 2 1
-1 4
+1 6 3 3
-1 12
+4 4 3 1
+1 3 1 0 1 0 0 1
+1 1 0 1
+2 2
+1 4 1
-1 9
+1 9 3 0 1 0 0 1
+12 3 1 1
+1 2
+2 1
+2 3
+2 1 1
-4 1 0 1
+5 1 1
-1 2
+14 2 0 0 1 0 0 1
+1 2 0 1
+1 3 1
+11 2 0 0 1 0 0 1
+2 1
-2 1
+2 2
-2 1 0 1 0 0 1 0 0 1
+1 2
+1 1 0 0 1 0 0 1
-1 2 0 1
+1 1 0 1
cfi=(52)
cfn=(250)
calls=1 238 
* 3953 1174 324 29 35 23 29 33 22
+10 2 1 1
+1 2
+3 2 1
862 1 1
fi=(214) ./elf/../sysdeps/unix/sysv/linux/dl-osinfo.h
64 2 1
fe=(2)
864 1 0 1 1 0 0 1
+6 1 1
+3 1 0 1
+7 1 0 1
-5 1 0 1
2052 3 1
2282 3 1
1778 2 2 0 1 1 0 1 1
+6 1 1 0 0 1 0 0 1
-6 2 0 1 0 0 1 0 0 1
+6 1
+2 3 2 0 1 0 0 1
fi=(30)
198 4 1 0 1 0 0 1
+2 1 1
+1 1 0 1
+2 1 0 1
-3 3 0 1
+3 1
fi=(3)
59 4 0 0 1 0 0 1
+3 4
+2 4
fi=(34) ./elf/../sysdeps/unix/sysv/linux/dl-vdso.h
-24 1 1 0 1 0 0 1
+1 2
fe=(2)
2331 1 1
1325 1
2342 1 1 0 1 0 0 1
-4 2 0 1
+10 1 1
-6 1 0 1
+6 1 0 1
+3 2
+8 1 1
fi=(30)
36 1 1 0 1 0 0 1
fe=(2)
2359 1 1
fi=(30)
37 3
+3 1 1
+13 6 1 0 0 1
-13 3 3
+9 6 3
-9 1 1
+9 20 4
+4 15 3
-16 12 0 0 1 0 0 1
+34 3 0 1
cfi=(77) ./elf/../sysdeps/x86/dl-cet.c
cfn=(270) _dl_cet_check
calls=1 252 
* 30 9 6 3 1 0 3 1
fe=(2)
2361 2
+54 3 1 0 1 0 0 1
+3 1 0 1 1 0 0 1
85 4 0 1
2422 1 1
+1 19 0 1 1 0 0 1
+2 8 8 0 0 2
+5 8 8 0 0 2
+2 8
+6 4 0 4
+2 12 0 0 1 0 0 1
+1 24 6 3 0 2
cfi=(78)
cfn=(272)
calls=3 194 
* 77705 20479 8337 188 1011 268 187 921 251
+4 10 5 0 0 1
+1 2
-23 1 0 0 1 0 0 1
+23 1 0 1
cfi=(47)
cfn=(412)
calls=1 1015 
* 28 9 6 2 1 0 2
-23 6 1 0 0 1
92 3
+1 1 1
2454 1 1
93 1 0 1
2454 1 0 0 1 0 0 1
+5 4 2
+2 1 0 1
+7 3 0 1
cfi=(47)
cfn=(414)
calls=1 528 
* 146 37 27 8 5 3 8 0 3
+3 2 1 0 1 0 0 1
fi=(3)
72 2 1 0 1 0 0 1
+10 3 1
+1 4 1 1
+1 4 1 1 1 0 0 1
+1 4 1 1
+2 4 1 1
+5 4 1 1
+1 4 1 1 1 0 0 1
+1 5 1 1
fi=(35)
-64 3 0 2 1 0 0 1
+3 1 0 1 1 0 0 1
+3 1 0 1
+3 1 0 1
fi=(34)
+16 2
fe=(2)
2434 1 0 1 1 0 0 1
+1 1 1
-3 2
+49 3 2 0 1 1 0 1
+2 4 1
+10 1 0 1
cfi=(129) ./elf/./elf/dl-find_object.c
cfn=(416) _dl_find_object_init
calls=1 561 
* 571 141 46 15 45 4 15 8 2
+5 2 0 1
cfi=(7)
cfn=(424)
calls=1 76 
* 2372 672 325 14 12 0 14 6
+3 1 0 1
cfi=(133)
cfn=(432)
calls=1 30 
* 415 107 33 12 12 0 12 10
85 1
2507 1 0 1
+1 3 1
85 3 0 0 1 0 0 1
2508 2 0 1
cfi=(78)
cfn=(272)
calls=1 194 
* 4806 1293 533 4 54 2 3 21
92 3
+9 2 0 1
2516 3 1 1
cfi=(135)
cfn=(438)
calls=1 27 
* 1309 384 183 28 28 17 28 10 6
+7 1 0 1
cfi=(9)
cfn=(464)
calls=1 262 
* 2 1 0 1 0 0 1
+4 3 0 1 1 0 0 1
cfi=(49)
cfn=(466) _dl_audit_activity_nsid
calls=1 40 
* 21 7 4 2 0 0 2
+5 2 0 1
cfi=(46)
cfn=(186)
calls=1 38 
* 7 2 0 1 1
+1 1 0 1
-1 1
+2 1 0 1
cfi=(46)
cfn=(152)
calls=1 116 
* 2 1
+1 1
+4 1 0 1
cfi=(68)
cfn=(468)
calls=1 537 
* 18 4 3 3 2 0 3
+5 8 7 0 0 2
1741 4 2 1 1 0 0 1
1995 2 0 1 1 0 0 1
+50 2 0 1 1 0 0 1
cfn=(258)
calls=1 756 
* 784 91 391 22 7 41 22 4 41
* 2
2726 4 2 0 1 0 0 1
+2 2 0 1
+1 1
+46 2 1 0 1 0 0 1
+2 1
+1 1
-1 1 0 1 1 0 0 1
+1 1 0 1
+1 1
85 1 0 0 1 0 0 1
1847 1 1
85 2
1847 1
85 1
1847 2 0 1
cfn=(156)
calls=1 894 
* 3107 726 351 125 37 41 125 37 41
* 1
92 3 0 0 1 0 0 1
+9 3 0 1
1948 16 0 1 3 0 0 3
+1 1
-1 1
+4 3 0 1
+1 1 1
+1 2
+1 2
-7 2
fi=(30)
170 3 1 1 1 0 0 1
-39 2
fe=(2)

fn=(2) _dl_start
527 10 0 7 2 0 2 2 0 2
85 1
fi=(6)
-40 1
fe=(2)
557 1 0 1 0 0 1 0 0 1
-4 1 0 1 0 0 1 0 0 1
85 2
556 1
85 1 0 1 0 0 1 0 0 1
fi=(3)
-40 1 1 0 0 1 0 0 1
fe=(2)
556 1 0 1 1 0 1 1 0 1
fi=(3)
45 2
+9 1
+5 1
+3 1
+2 1
+4 1
-7 1
-3 1
-3 14
+13 4 0 4 0 0 2 0 0 2
-23 16 4 0 0 1 0 0 1
+23 14 0 14 0 0 4 0 0 4
-23 56 14 0 0 3 0 0 3
+4 36 0 0 1 0 0 1
+5 20
+2 5
+3 4 0 0 1 0 0 1
fi=(4)
+21 1 1
fi=(3)
-8 3
+10 4 1 1 1 0 0 1
+1 4 1 1
+1 4 1 1
+1 4 1 1
+2 4 1 1 1 0 0 1
+5 4 1 1
+1 4 1 1
+1 4 1 1
+3 3 1 0 1 0 0 1
+5 2 1
+7 3 1
+1 3 2
+8 2 1 0 0 1 0 0 1
+1 2 1 0 1 0 0 1
+5 3 1
+3 3 1
fe=(2)
573 1 0 0 1 0 0 1
fi=(6)
71 1 1
fe=(2)
573 42 8 7 2 0 1 2 0 1
fi=(6)
414 1 0 0 1 0 0 1
fi=(5)
86 1 1
fe=(2)
573 2 2
fi=(5)
49 1 1
+37 1 1
-37 1
+37 1
+2 1
-2 1
+2 1
-2 1
+27 2
-27 1 1
fe=(2)
573 2 2
fi=(5)
49 1 1
+37 1 1
-37 1
+37 1
+2 1
-2 1
+2 1
-2 1
+27 3
+1 2 1 0 1 1 0 1 1
fi=(6)
534 2 1
fi=(5)
114 282 141 0 0 17 0 0 17
fi=(6)
534 282 141 0 0 18 0 0 18
+1 142 142 0 0 18 0 0 18
fi=(5)
113 142
fi=(6)
535 284 0 142 0 0 20 0 0 20
fi=(5)
113 284
+5 4 2
+8 7
fi=(6)
326 12
fi=(5)
126 21
+2 7 7 0 1 2 0 1 2
+2 7 7
-2 7
fi=(6)
287 7
fi=(5)
130 7
-2 7
+1 14
fi=(6)
287 14
+9 70 28 0 1 7 0 1 7
+3 14
+27 33 0 0 1 0 0 1
fe=(2)
573 6
fi=(5)
50 1 1
fi=(4)
+30 2 1
fi=(6)
326 2 0 0 1 0 0 1
+20 12 6 6 1 1 2 1 1 2
+1 6
fe=(2)
575 1 0 1 1 0 0 1
+13 1 0 1
cfi=(7)
cfn=(12)
calls=1 42 
* 10 1 4 2 0 1 2 0 1
+4 2 0 1
85 1
488 2
85 3 0 1 1 0 0 1
488 1 0 1
cfi=(8)
cfn=(14)
calls=1 25 
* 29 8 5 3 1 1 3 1 1
+2 2
-1 1 0 1
+1 2
+17 1 1
-15 1
-2 1
+17 1
-15 1 0 1 1 0 1 1 0 1
+9 1 0 1
-11 1 0 1
+17 1 0 1
cfi=(9)
cfn=(16)
calls=1 85 
* 141523 33537 12723 981 1442 549 976 1228 516
* 1 0 0 1
+2 2 1
+98 9 7 0 0 2
fi=(3)
62 4 0 0 1 0 0 1
+2 4
fe=(2)
573 3 0 1

fn=(252)
696 3 0 1 1 0 0 1
+2 4 2 1 1 0 0 1
cfi=(75) ./elf/./elf/dl-version.c
cfn=(254) _dl_check_all_versions
calls=1 361 
* 3925 1165 315 26 35 23 26 33 22
* 2
+4 2 2

fl=(31)
fn=(176) open_verify.constprop.1
1568 11 0 6 1 0 0 1
+39 3 1 0 1 0 0 1
+19 4 0 1 0 0 1 0 0 1
cfi=(55)
cfn=(178)
calls=1 28 
* 19 1 1 2 0 0 2
* 1
+2 2
+11 1 0 1
+6 2
-5 1 0 1 0 0 1 0 0 1
+5 8 1 2 1 0 0 1
cfi=(56)
cfn=(180)
calls=1 25 
* 6 1 0 1 0 0 1
+2 2
+2 2 1 1
+2 2
+6 2
+17 11 4 0 1 0 0 1
fi=(28)
50 2 1 1 1 0 0 1
cfi=(27)
cfn=(144)
calls=1 +45 
* 5 2
fe=(31)
1856 9 7
1674 3 1 0 1 0 0 1
+74 2 1
+5 2 1
+2 4 1 0 1 0 0 1
+6 2 1 0 0 1 0 0 1
+6 1 1
+1 1 1
-1 3
+1 1
-1 1
+1 2
+1 2 1
+20 3 0 0 1 0 0 1
+31 1
-31 1
1633 1
1820 2
-31 66
+1 28 13 0 1 9 0 1 9
+1 8 2
+4 8 4
+25 12 4 0 1 1 0 1 1
+3 18 6 0 1 0 0 1
+3 2
-4 2
+4 4
+6 4 2 0 1 0 0 1
-36 6 2 0 1 0 0 1

fn=(184) _dl_map_object_from_fd
944 20 0 14 0 0 1 0 0 1
+10 2 2
-10 8 0 8 1 0 1 1 0 1
+10 2 0 2 0 0 1 0 0 1
cfi=(46)
cfn=(186)
calls=2 38 
* 14 4
* 2 0 2
+7 8 2 2
+85 8 2 2 1 0 0 1
+10 4 2
+7 14 10 2 1 0 0 1
cfi=(26)
cfn=(70)
calls=2 59 
* 766 148 106 4 2 18 4 2 18
* 2
+1 4
+11 4 4
+5 2 2
-5 2 0 2 0 0 2 0 0 2
+1 4 2 2
+1 2 2
+2 2
-2 2 0 2 1 0 0 1
+2 4
+1 6 2
+1 2 0 1
+19 2 1
-2 1 0 1
+2 12 1 0 1 0 0 1
-2 1 0 1
+2 30 0 4 1 0 0 1
+10 8 2
+85 2 2
-58 2 2
-34 2 0 2 1 0 0 1
-1 2 0 2
+93 2 0 2
+6 2 2
-64 4 0 2
+9 2
+55 4
-55 2 0 2
-42 2
+97 4 0 2 1 0 0 1
1101 2
-5 4 0 2
+15 60
+20 2 1 1
+1 1
-22 69
+1 127 25 0 1 1 0 1 1
1213 4 4
1110 2
1213 4 0 2 0 0 1 0 0 1
1110 6 0 0 1 0 0 1
1218 6
+10 4
+1 2
-1 2
+1 2 0 2
-1 6
+1 6
-1 6
+1 6 0 6
-1 18
1076 4 2 2
1235 4 0 0 1 0 0 1
+10 8 4
+7 4 2
fi=(61) ./elf/./dl-map-segments.h
96 2 2
fe=(31)
1252 6 4 0 1 0 0 1
fi=(61)
28 2 2
fe=(31)
1252 2
fi=(61)
96 2
fe=(31)
1252 2 0 2
fi=(61)
28 4 2
+1 16 8 4 1 0 1 1 0 1
cfi=(60)
cfn=(194)
calls=2 +18 
* 18 2
+74 4 2
-1 2 0 2
-73 2
+74 2
+3 4 2 0 1 0 0 1
+1 2
+2 2 2
-3 2 0 2
+1 2 0 2
+2 2
+7 8 3 1
+3 4 0 1
cfi=(72)
cfn=(236)
calls=1 -2 
* 6 1 0 1 0 0 1
* 3 1
+7 2 0 2 1 0 0 1
+2 2
fi=(62) ./elf/./dl-load.h
-37 16
+1 6 4 2
+2 16 8 0 1 0 0 1
fi=(61)
+56 32 16
+8 2 2
-2 2 2
+1 2 2
+2 2
-1 2
+1 2
-1 6
+8 4 0 0 1 0 0 1
+3 4
+8 14 0 6
cfi=(44)
cfn=(132)
calls=2 -52 
* 237 2 122 1 0 31 1 0 31
+1 4 4
+5 4
+12 8 0 0 1 0 0 1
-59 40
+2 12 12
+3 6 6
-3 12
+2 48 18 12 1 0 0 1
cfi=(60)
cfn=(194)
calls=6 -93 
* 54 6
* 18 6
fi=(57) ./elf/../sysdeps/posix/dl-fileid.h
37 6 2 2 1 0 0 1
cfi=(58)
cfn=(190)
calls=2 -8 
* 30 2 0 2 0 0 2
* 4
fe=(31)
999 4 2
fi=(57)
40 6 6 0 1 0 0 1
fe=(31)
999 2
fi=(57)
40 2 0 2
fe=(31)
999 23 7
+1 10 5
fi=(57)
49 12 6 0 0 1 0 0 1
fe=(31)
1515 18 14 0 1 0 0 1
1018 4 2 0 1 0 0 1
+66 13 0 0 2 0 0 2
+1 2 1
-1 1
+1 1
-1 1 0 1
+1 1 0 1 0 0 1 0 0 1
cfi=(71)
cfn=(232)
calls=1 25 
* 7 1
* 2
+26 26 0 0 1 0 0 1
+26 48 16
+10 8 8 0 1 0 0 1
-1 8
-1 8
+2 8
+2 8 8
-2 8
-1 48 0 8 0 0 1 0 0 1
+2 16
+1 8 0 8 1 0 0 1
+2 8 8
-3 8 0 8
+3 48
+2 16 8 8 0 0 2 0 0 2
+4 16
+1 30 12 6
+4 6
+1 6
-1 6
+1 42 6 6 0 0 1 0 0 1
-18 6
+28 6
-11 2 0 0 1 0 0 1
+1 2
-1 2
+1 14 2 2
-18 2
+28 2
-56 4 2 0 1 0 0 1
+7 2 2
+2 2 2
-2 2 0 2
+1 2 2
+1 2
-1 4 0 2
+1 16 2 2 1 0 0 1
+50 3 1
+5 1 1
-1 2
+5 1
-5 2 0 1 0 0 1 0 0 1
-56 1 1
+61 4 0 1 1 0 0 1
+1 1 1
+3 1 0 1 0 0 1 0 0 1
-3 1 0 1
+8 4 1
+15 4 2 2 1 0 0 1
+1 2
+58 8 4 0 2 0 0 2
+1 6 2 2
fi=(63) ./elf/./elf/get-dynamic-info.h
39 4
+6 2 2 0 0 2 0 0 2
-2 2
+2 4
+9 2
+5 2
+3 2 0 0 1 0 0 1
+2 2
-3 2
-3 2
-3 28
+13 8 0 8 0 0 5 0 0 5
-23 32 8 0 0 2 0 0 2
+23 29 0 29 0 0 6 0 0 6
-23 116 29 0 0 8 0 0 8
+4 74
+5 40 0 0 1 0 0 1
+2 10
+3 8 0 0 1 0 0 1
+13 8 2
+10 7 2 1 1 0 0 1
+1 8 2 2
+1 8 2 2
+1 8 2 2
+2 8 2 2
+5 7 2 1 1 1 0 1 1
+1 7 2 1 0 1 0 0 1
+1 8 2 2
+3 6 2
+5 2 1
+7 4 2 0 1 0 0 1
+1 6 4
+22 6 2 0 0 1 0 0 1
+5 2 1 1
+2 2
+2 2
+2 2
+4 6 2 0 1 0 0 1
+2 3 1 1
+1 2
+9 2 1 0 1 0 0 1
+6 2
+4 4 2
fe=(31)
1275 4
+1 4
+2 4 0 0 1 0 0 1
+10 6 2
+19 6 2 2
+2 10 4 0 1 0 0 1
+52 6 2 0 0 1 0 0 1
+1 2 1 1
+6 16 2 2 1 0 0 1
+1 42
+6 8 2 2
cfn=(88)
calls=2 868 
* 40 16 0 0 2 0 0 2
-7 54 27 2
+1 25 25 0 0 21 0 0 21
+6 25 0 0 1 0 0 1
-6 50
fi=(30)
95 16 8
213 2 2
-1 4 4
105 4
212 2
105 2
-2 2
-3 2
+2 2 0 2 1 0 0 1
+3 2
-4 4 0 2
+92 8
-1 2
-87 6
+3 6 2 0 1 0 0 1
+1 4 2
+1 4 2
+4 6 2
+4 6 0 2
+3 6 2 0 1 0 0 1
+1 4
+4 2
+1 8 0 2
+58 6
+2 8
-56 6 3 0 1 0 0 1
+1 3 3
+3 6
+3 3
+1 12
+5 6 0 0 1 0 0 1
+2 6
+5 6
+14 3 3 0 0 1 0 0 1
-1 6
+2 2
-1 4 0 2
fe=(31)
1380 4 2 2 1 0 0 1
cfi=(64)
cfn=(204)
calls=2 25 
* 12 2 0 1 0 0 1
* 4
+13 4 2
+2 8 4 2
+2 4 2 0 1 0 0 1
+16 4 0 2
cfi=(8)
cfn=(14)
calls=2 25 
* 58 16 10 0 1 0 0 1
+4 4 2
+1 4 2
+17 4 2
+1 1 0 1
+3 1 1
+5 1 1
-5 1 0 1 1 0 0 1
+5 1
-5 1 1
+5 1 1
-5 1 0 1
+5 1
+10 4 2
+7 12 4
+10 4 2 0 1 0 0 1
+1 4 1
+5 2 0 1
cfi=(47)
cfn=(238)
calls=1 131 
* 10 3 2 2 0 0 2
+7 6 2 2
cfi=(26)
cfn=(82)
calls=2 31 
* 94 23 18 0 0 1 0 0 1
+3 8 4
+23 14 6 0 1 0 0 1
+1 6 2 2
cfi=(49)
cfn=(206) _dl_audit_objopen
calls=2 76 
* 10 4 0 1 0 0 1
* 2
fi=(62)
95 5 3 0 1 0 0 1
+2 1 1 0 1 0 0 1
-1 2 2
+1 1
-1 1
+1 1
-1 1
+1 1
-1 2
+3 4 0 1
fe=(31)
1506 10 4 0 2 0 0 2
fi=(30)
198 8 2
+2 2 2
+1 2 0 2
+2 2 0 2
-3 6 0 2
fe=(31)
1368 6 2 2
fi=(63)
62 8 0 0 1 0 0 1
+2 8
fe=(31)
1084 2 0 1 1 0 0 1
fi=(61)
187 8 0 1 1 0 0 1
cfi=(60)
cfn=(194)
calls=1 47 
* 9 1
+3 2
fe=(31)
1462 6 2 0 1 0 0 1
+2 1 1
-1 5 3
+1 1
-1 1
+1 1
-1 1 0 1
cfi=(32)
cfn=(90)
calls=1 108 
* 25 7 0 0 2 0 0 2
* 2
+2 5 1 1
1275 2 1 0 2 0 0 2
fi=(57)
49 3 1 0 1 0 0 1
fi=(30)
170 3 1 1 1 0 0 1
-39 2
fe=(31)

fn=(106)
706 11 0 7 1 0 0 1
+14 1
-14 2 0 1
+14 2 0 1 1 0 0 1
cfi=(38) ./elf/./elf/dl-hwcaps.c
cfn=(108) _dl_important_hwcaps
calls=1 175 
* 1847 337 256 59 4 10 59 4 10
fi=(28)
56 1
fe=(31)
720 1 0 1 0 0 1 0 0 1
fi=(28)
56 1 1 1
cfi=(27)
cfn=(76)
calls=1 -21 
* 25 5 5
fe=(31)
725 1 0 1
+2 2
+7 2
+1 2 1 0 1 0 0 1
-1 3
+5 3
fi=(28)
56 1 1 1
cfi=(27)
cfn=(76)
calls=1 -21 
* 25 5 5
fe=(31)
739 1 0 1 0 0 1 0 0 1
+2 4 2
+17 1
-10 1 0 1 1 0 0 1
+19 1 1
-11 1
-9 1 0 1
+9 1 0 1
+12 2
-10 1 0 1 0 0 1 0 0 1
+3 2 0 1
+9 1 0 0 1 0 0 1
-7 1
+4 1 0 1
+3 2 0 1
-3 1 1
-8 1 0 1
+3 1 0 1
+8 1 0 1
-3 1
+1 16 0 4
cfi=(44)
cfn=(132)
calls=4 125 
* 72 4 16 2 0 2 2 0 2
+2 18 6 0 1 0 0 1
-14 3
+10 3
+4 3 0 3
-12 3
-2 3 0 3
+2 3 0 3
+4 3 3 0 0 1 0 0 1
-3 3 0 3 0 0 1 0 0 1
+3 3 0 3 0 0 1 0 0 1
+1 3 0 0 1 0 0 1
-2 3 0 3
+5 6 3 0 0 1 0 0 1
+1 3 3
-4 3
+4 3
+15 1 1
+3 1
-15 1 0 1 1 0 0 1
+7 1 0 1
-1 1 0 1
+9 2
+2 4 1
+2 3 1 0 1 0 0 1
+36 5 2 0 1 0 0 1
+2 2 0 1
cfi=(22)
cfn=(60)
calls=1 41 
* 17 2
* 9
-19 1 1 0 1 0 0 1
-2 1 0 1
+2 2 0 0 1 0 0 1
+19 9 1 1 1 0 0 1
cfi=(29)
cfn=(80)
calls=1 212 
* 11 3 2
* 1
+5 4 1 0 1 0 0 1
-1 2
+2 1
+1 2
-2 4 1
+1 13
+1 26
-2 52 13
+5 1
fi=(28)
56 1 1 1
cfi=(27)
cfn=(76)
calls=1 -21 
* 25 5 5
fe=(31)
836 1 0 1
fi=(28)
56 1
fe=(31)
838 2 0 0 1 0 0 1
+6 6 1 1
cfn=(134) fillin_rpath.isra.0
calls=1 468 
* 587 145 60 18 2 2 18 2 2
+3 3 2
+6 1 0 1
+4 8 7
-35 2 0 1 1 0 0 1
+5 2 0 1

fn=(88)
868 3 0 0 1 0 0 1
+8 3 3
-8 3
+8 3
-6 3 3
+12 6
-13 3 3
+13 3
-13 3 3 0 1 0 0 1
+13 6
+3 9 3 0 0 2 0 0 2
+1 6 3 0 0 1 0 0 1
+1 6 3 0 1 0 0 1
+43 3 3

fn=(216) open_path
1870 8 0 6 1 0 1 1 0 1
+1 1 1
-1 6 1 5 1 0 2 1 0 2
+1 1 0 1
+6 2
+5 16 2 0 1 0 0 1
-7 2 0 2 1 0 0 1
+7 1
-8 1 0 1
+8 2
+3 2 2
+9 6 1 1 1 0 1 1 0 1
+7 3 2
+1 1
-1 1 0 1 0 0 1 0 0 1
cfi=(29)
cfn=(128)
calls=1 199 
* 13 3 2
-12 1 0 1
+12 1
+59 5 0 1
-58 4 1 0 1 0 0 1
+3 20 10
+5 80 30 10
cfi=(29)
cfn=(128)
calls=10 199 
* 134 28 18
* 40 20 10 1 0 0 1
cfi=(29)
cfn=(128)
calls=10 199 
* 130 30 20
+3 20 0 10
+6 30 10
+3 60 30 10 1 0 0 1
cfn=(218) open_verify.constprop.0
calls=10 1568 
* 540 90 90 4 0 2 4 0 2
* 10
+2 30 10
+2 20
+65 8 2 0 2 0 0 2
+7 2 1 1
-2 2 1 1
+2 2 1
+3 3 1
-13 1
+27 9 7
1902 58 10 0 1 0 0 1
+29 20 0 0 1 0 0 1
+1 70 30
+6 20 20 0 1 0 0 1
+2 10
-2 10 0 10
+2 20 10 10
cfi=(67) ./io/../sysdeps/unix/sysv/linux/stat64.c
cfn=(220) stat
calls=10 28 
* 158 10 9 1 0 0 1
* 10
+3 10
-3 20
+1 1 1
+2 2
-2 1
+2 26 1 11 1 0 0 1
-61 2 0 1 1 0 0 1

fn=(218)
1568 121 0 66 1 0 1 1 0 1
+39 33 11
+19 44 0 11 0 0 1 0 0 1
cfi=(55)
cfn=(178)
calls=11 28 
* 239 11 21
* 11
+2 22 0 0 1 0 0 1
+11 1 0 1
+6 2
-5 1 0 1
+5 8 1 2
cfi=(56)
cfn=(180)
calls=1 25 
* 6 1
+2 2 0 0 1 0 0 1
+2 2 1 1
+2 2
+6 2
+17 11 4 0 1 1 0 1 1
fi=(28)
50 2 1 1
cfi=(27)
cfn=(144)
calls=1 +45 
* 5 2
fe=(31)
1856 99 77 0 1 0 0 1
1674 3 1
+74 2 1 0 1 0 0 1
+5 2 1
+2 4 1
+6 2 1
+6 1 1
+1 1 1
-1 3 0 0 1 0 0 1
+1 1
-1 1
+1 2
+21 3
+31 1
-31 1
1633 1
1820 2 0 0 1 0 0 1
-31 48
+1 24 11 0 0 5 0 0 5
+1 8 2 0 1 0 0 1
+4 8 4
+6 4
+1 28 0 0 1 0 0 1
+10 12 0 8 1 0 2 1 0 2
cfi=(71)
cfn=(232)
calls=2 25 
* 14 2
* 16 6
+8 18 6 0 1 0 0 1
+15 2
+6 1 1
-3 1 1
+1 1 1
+1 1 1
+1 2
-3 1
+1 1
+1 1
+2 1 1
-3 3
-1 1
+4 2
-19 18 6 0 2 0 0 2
+3 2
-4 2
+4 4
+5 1
+1 4 1
-60 13 0 0 2 0 0 2
+1 3 0 0 1 0 0 1
-1 1
+1 3 0 2 0 0 1 0 0 1
cfi=(71)
cfn=(232)
calls=1 25 
* 7 1 0 1 0 0 1
* 3 1
+16 5 1
1612 20 0 0 1 0 0 1
+62 3 1 0 2 0 0 2
1802 4 0 2
-30 2 0 1 1 0 0 1

fn=(212)
238 4 0 2 1 0 0 1
+3 2
-3 4 0 4
+7 2 0 0 1 0 0 1
-7 4 0 4
+3 2 0 2 0 0 1 0 0 1
cfi=(42)
cfn=(118)
calls=2 23 
* 72 9 0 1 2 0 0 2
+3 4
+20 14 12

fn=(138) expand_dynamic_string_token
385 14 0 10 1 0 0 1
241 2 0 0 1 0 0 1
385 2 0 2
241 2
385 2
241 2 0 2
cfi=(42)
cfn=(118)
calls=2 23 
* 72 9 0 3 0 0 3
+3 4
410 2
-11 2
+11 12 12
-11 2
cfi=(45)
cfn=(140)
calls=2 40 
* 168 31 24 3 0 2 3 0 2

fn=(172)
2022 30 0 24 1 0 4 1 0 4
+8 6
+1 12 3 0 1 1 0 1 1
+3 42 9
+5 49 14 0 1 0 0 1
+2 21 0 7 0 0 1 0 0 1
cfi=(54)
cfn=(174)
calls=7 68 
* 815 169 31 11 3 1 11 3 1
* 14
+4 12 6
+1 18 6
+4 2 2 0 1 0 0 1
-1 10 6
+1 2
+1 2
-1 2
+1 2 0 2
cfi=(32)
cfn=(90)
calls=2 108 
* 91 12
* 4
2329 27 21
2068 2 0 0 1 0 0 1
+1 2
-1 2 0 2
+1 2
-1 2 2
+1 2 0 2
-1 4 2
-44 2 0 2 1 0 1 1 0 1
+53 6 2
+17 4
-2 2 0 2 0 0 1 0 0 1
+2 2 0 2
cfi=(42)
cfn=(118)
calls=2 23 
* 48 6
* 4
2260 2
-1 3 0 1 1 0 0 1
cfn=(138)
calls=1 385 
* 168 30 20 5 0 1 5 0 1
+2 1
-3 1 0 1
+1 1
+2 2
+4 5 0 2
cfn=(176)
calls=1 1568 
* 283 60 14 16 11 2 16 11 2
+3 2 1
-3 1
+3 1 0 0 1 0 0 1
+12 4 1
+46 1 1
+1 3
-1 1 0 1
+1 9 3 5 1 0 0 1
cfn=(184)
calls=1 944 
* 1819 390 195 69 22 25 69 22 25
-1 1 1
+1 3
-1 1 0 1
+1 9 3 5
cfn=(184)
calls=1 944 
* 2221 414 336 12 25 50 12 25 50
* 6
2098 2 0 1 1 0 0 1
cfi=(22)
cfn=(60)
calls=1 41 
* 17 2
* 2 0 1
+2 2 1
+7 4 1
+51 11 1 4 1 0 0 1
cfn=(216)
calls=1 1870 
* 1656 366 232 20 0 7 20 0 7
+6 1
-6 1
+6 4 1 0 1 0 0 1
682 1 1
2165 1
682 2
2252 2 1 0 1 0 0 1
+28 4 1
+2 4 0 0 1 0 0 1
2111 1 1 0 1 0 0 1
696 3 1 2
2111 1 0 1
+1 1 0 0 1 0 0 1
696 2
2116 3 1
682 1 1 0 1 0 0 1
2117 1
682 2
2173 1 0 1 1 0 0 1
+14 2
+2 3 1
+4 2 0 1 1 0 0 1
cfi=(68)
cfn=(222)
calls=1 416 
* 772 131 55 24 7 2 24 7 2
* 1
+2 2
+4 2
+8 3 1
+23 6 0 2 1 0 0 1
cfn=(218)
calls=1 1568 
* 396 73 27 18 6 3 18 6 3
+4 2 1
-4 1
+4 1
+1 2 0 1
2131 5 2 0 1 0 0 1
+1 10 2 1 1 0 0 1
682 1 1
2133 1
682 2
2157 3 1 0 1 0 0 1
+1 2
-16 2 0 0 1 0 0 1

fn=(134)
468 7 0 6 1 0 0 1
+4 1
-4 8 0 5 1 0 0 1
+6 3 1 1
cfi=(7)
cfn=(136)
calls=1 239 
* 240 74 1 2 2 0 2 2
* 3 1 1
cfi=(7)
cfn=(136)
calls=1 239 
* 8 3
* 6
+7 2 1
+2 3 1 1
cfn=(138)
calls=1 -98 
* 118 22 18 3 0 1 3 0 1
* 1
+4 2
+5 2 0 1 1 0 0 1
cfi=(22)
cfn=(60)
calls=1 41 
* 17 2
* 1
+1 2
+7 5 1
+9 15 5 0 1 0 0 1
+1 8 4
+55 2 0 1 1 0 0 1
fi=(28)
50 2 2 1
cfi=(27)
cfn=(144)
calls=1 +45 
* 5 2 0 1 0 0 1
+1 1
fe=(31)
528 2 1 0 1 0 0 1
+4 3 2 0 1 0 0 1
fi=(28)
56 1 1 1
cfi=(27)
cfn=(76)
calls=1 -21 
* 25 5 5
* 1
fe=(31)
534 2
+5 1 1
+1 2
-1 1
-1 1 0 1
+2 1 0 1
cfi=(29)
cfn=(128)
calls=1 199 
* 13 3 2 0 0 1 0 0 1
+3 1 1 0 1 0 0 1
-3 1 0 1
+1 1 0 1
+2 1
+6 1
+1 1 1
-1 3 1
+1 11 0 0 1 0 0 1
+1 1
-1 1
+1 2 0 1
-1 2
+1 1
-1 1
+1 2 0 1
-1 6
+1 1
-1 1 0 0 1 0 0 1
+1 1 0 1
-1 3
+1 1 0 1
-1 2
+3 1 1
+1 1 1
-1 1 0 1
+1 2
+1 1 0 1
+6 2 1 1
+1 2 0 1
-57 4 0 2 1 0 0 1
+66 1 0 1
+3 8 7
-46 4 0 1 1 0 0 1

fl=(201) ./elf/./elf/dl-fini.c
fn=(702) _dl_fini
31 9 0 6 1 0 0 1
+20 3 1 0 0 1 0 0 1
-3 7 0 1 1 0 0 1
+3 4
+3 2 1 1 0 1 0 0 1
cob=(3)
cfi=(202) ./nptl/./nptl/pthread_mutex_lock.c
cfn=(704) pthread_mutex_lock@@GLIBC_2.2.5
calls=1 +23 
* 43 11 5 7 0 0 7
+2 1 1 0 0 1 0 0 1
+3 2
+2 6 3 0 1 1 0 1 1
+7 2
-2 1 0 1
+2 1 0 1
cfi=(49)
cfn=(466)
calls=1 -28 
* 21 7 4 2 1 0 2 1
+5 14 0 0 1 0 0 1
+5 1 1
-5 1
+5 3 0 0 1 0 0 1
+2 8 4 0 0 4 0 0 4
+2 8
+2 8 0 4
+1 4 0 4 0 0 4 0 0 4
+1 4
+4 4 0 4 0 0 3 0 0 3
-12 12 4 0 0 1 0 0 1
+14 6 0 0 1 0 0 1
+1 4
+6 5 0 2
cfi=(12)
cfn=(246)
calls=1 290 
* 300 77 49 14 5 1 14 5 1
+9 2 1 1 1 1 0 1 1
cob=(3)
cfi=(203) ./nptl/./nptl/pthread_mutex_unlock.c
cfn=(706) pthread_mutex_unlock@@GLIBC_2.2.5
calls=1 367 
* 34 7 4 5 0 0 5
+5 6 1 1
+2 1 1
+2 3 1
-2 3 3
+2 9 3
+3 8 0 4
+3 12 4 0 1 4 0 1 4
+4 2 1 0 0 1 0 0 1
+11 4 2 1 0 1 0 0 1
+1 1 1 0 0 1 0 0 1
+1 2 1
+1 5 0 0 1 0 0 1
+1 2 1 2 0 1 0 0 1
cob=(5)
cfi=(150)
cfn=(708)
calls=1 0 
* 92 25 16 8 3 1 8 3 1
-1 5 2
+5 3 1 0 0 1 0 0 1
+1 6 4 2 0 1 0 0 1
cob=(2)
cfi=(51)
cfn=(734) 0x000000000483f334
calls=1 0 
* 110 29 19 7 2 0 7 2
cob=(2)
cfi=(51)
cfn=(730) 0x0000000000109704
calls=1 0 
* 4 1 0 1 0 0 1
+6 8 0 4
cfi=(49)
cfn=(732) _dl_audit_objclose
calls=4 -57 
* 20 8 0 1 0 0 1
+5 4 0 4 1 0 0 1
-45 12 4
+49 3 0 1
cfi=(49)
cfn=(466)
calls=1 40 
* 21 7 4
* 2 1
-38 9 3 0 0 3 0 0 3
+3 2 1
+41 6 2 0 1 0 0 1
+6 2 1
+7 8 7
73 2 0 1 1 0 0 1

fl=(144) ./elf/./elf/dl-init.c
fn=(474) _dl_init
77 12 0 6 1 0 0 1
+1 1 1 0 0 1
+1 1 1
+3 3 1 0 1 0 0 1
+8 2
+25 1 1
+1 5
+1 2 2
-86 4 2 0 1 0 0 1
+86 6 6
-86 12 6
+2 20 4 3
cfn=(476) call_init.part.0
calls=3 -7 
* 193 63 29 11 15 3 11 0 1
+83 12
+7 8 7 0 1 0 0 1
-92 4 2 0 1 0 0 1
+2 6 1 1
cfn=(476)
calls=1 -7 
* 61 19 9 10 3 1 10
+52 2 0 1 1 0 0 1

fn=(476)
26 32 0 20 1 0 1 1
+13 4 4
-13 4
+16 4 4
-3 8 0 4 1 0 0 1
+3 8 4 0 0 4
+5 6 3
+8 9 3 0 0 2
+1 6 2 1 0 1
cob=(2)
cfi=(51)
cfn=(478) 0x000000000483f000
calls=1 -56 
* 26 5 2 6 0 0 6
+3 3 3 0 1 2 0 1
+1 6
+6 2 2 0 0 1
+2 2 2
-2 1
+3 7
+1 4 1 1
cob=(3)
cfi=(149) ./libio/./libio/vtables.c
cfn=(504) check_stdfiles_vtables
calls=1 +13 
* 12 7 0 2 3 0 2
* 4 1 1 0 1
cob=(3)
cfi=(146) ./csu/./csu/init-first.c
cfn=(496) _init_first
calls=1 -24 
* 74 17 9 9 4 3 9 0 1
-1 6
+3 24 24 0 1 0 0 1
-29 2

fl=(129)
fn=(416)
561 4 0 2 1 0 0 1
+3 1 1 0 1 1 0 1
+2 2 1
+13 1 0 1
cfn=(420) _dlfo_process_initial
calls=1 474 
* 79 20 2 4 2 0 4
+1 1 1
-1 1
+1 1
fi=(28)
56 1 1 1
cfi=(27)
cfn=(76)
calls=1 -21 
* 25 5 5 0 1 1
fe=(129)
580 1 0 1
fi=(28)
56 1
fe=(129)
582 2 0 0 1 0 0 1
+3 2 0 0 1 0 0 1
+5 1 0 1
+1 1 0 1
cfn=(420)
calls=1 474 
* 280 71 17 0 30 2 0 8 2
+3 3 1
+10 4 3
-37 2 0 1 1 0 0 1
cfi=(130) ./elf/./dl-find_object.h
cfn=(418) _dl_find_object_from_map
calls=1 95 
* 68 18 4 3 11 1 3
* 1
+29 2 0 1 1 0 0 1
cfn=(422) _dlfo_sort_mappings
calls=1 -60 
* 80 16 8 2 0 0 2
+3 6 3 1
+2 1

fn=(420)
474 2 0 2
+3 2
-3 2
+1 2 2
+3 4 2
+26 14 2 0 1 1 0 1
+1 6 2
+1 8 8
-1 16
+3 28 6 0 1 0 0 1
+3 24 6
-7 10 2 0 1 0 0 1
+25 2 0 2
+2 8 4
-18 18 6 0 1 1 0 1
+3 6
-1 6 0 3
cfi=(130)
cfn=(418)
calls=3 95 
* 189 51 12 0 30 2 0 8 2
+2 12

fn=(422)
536 1 0 0 1 0 0 1
+1 2
+3 4
+4 1
+1 1
-1 1 1
+1 2
-1 1
+1 1
-1 1 1
+1 6
+1 19 3 0 1 0 0 1
-1 9
+8 6 2
+1 4 2
-1 2 2
-13 4 2
+14 6 2 4
+1 4 0 4
-15 4
+17 1 1

fl=(75)
fn=(254)
361 6 0 4 1 0 0 1
+4 5
-2 2
+4 24 4 4 1 0 0 1
cfn=(256) _dl_check_map_versions
calls=4 155 
* 3853 1152 307 24 35 23 24 33 22
-2 4 4
+2 12
-1 4
-1 8
+5 7 5

fn=(256)
155 32 0 24 2 0 0 2
+15 4 4
-15 8 0 8
+15 8
+2 20 8 4
+2 4 4
+1 4 4 0 1 0 0 1
-1 4 0 4
+1 4 0 4
+2 8
+3 4 4
-16 2
-8 2 0 2
+28 2 2 0 0 2 0 0 2
-4 2 0 2
+4 4
+16 2 2
36 4 2 0 1 0 0 1
200 2 2
36 10 2
+1 5 5
-1 10
+2 21 0 7 1 0 0 1
cfi=(54)
cfn=(174)
calls=7 +30 
* 805 148 29 2 0 0 2
* 14
208 6 2
+5 2 2
-71 4 0 4
+71 6 2
+8 2 2 0 0 1 0 0 1
-2 2 2
-2 4 4
+4 2 0 2
-4 12 10 0 1 0 0 1
+4 6 6
-2 6 6 0 0 1 0 0 1
-2 12 12
+4 6 0 6
-4 61 40
56 32 24
+8 24 8 0 1 0 0 1
+6 24 8
+16 8 8 0 0 1
+1 16
+2 8 8
+5 72 8 16 1 2 0 1 2
+14 170 85 0 0 4 0 0 4
+12 231 77 0 0 3 0 0 3
+4 77
-30 154 77 0 0 14 0 0 14
224 32 8 0 1 0 0 1
+3 24 8
+5 6
-11 6
110 8 8 0 1 1 0 1 1
+3 32 8 8
cfi=(32)
cfn=(90)
calls=8 -5 
* 248 58 0 2 5 0 2 5
* 34 2
236 8 4 0 1 0 0 1
+14 4 2 0 1 0 0 1
+3 8 6
+10 42
-7 168 42
+3 126 42
-3 8 2
+3 6 2
+8 6 0 0 1 0 0 1
+6 3
fi=(28)
44 3
fe=(75)
273 3
fi=(28)
44 3 3 3
cfi=(27)
cfn=(72)
calls=3 +34 
* 108 18 15
fe=(75)
272 3 0 3 0 0 1
fi=(28)
44 3
fe=(75)
274 6
+13 3 3
-3 3 0 3
+3 12 6 3 1 1 0 1
+2 9 3
+3 8 6
+4 6 2
+7 8
+1 8
-1 24 8
+1 8 0 8 0 0 3 0 0 3
+1 8 8
-2 8 0 8
+2 16 0 8 0 0 1 0 0 1
+1 24 8 8 0 0 1 0 0 1
+3 24 8
+5 6
-15 6 6
+2 6
-2 6
+2 6
-2 6
+2 12
-2 2 2 0 1 0 0 1
+2 2
-2 2 0 0 1 0 0 1
+2 2
-2 2
+2 4
+16 6 2
+39 36 32 0 1 0 0 1
-29 9 3 0 1 0 0 1
+3 8 6
+4 42 42
+6 42 42
+1 42 42
+1 42 42
-1 126
+1 42
-1 42 0 42 0 0 12 0 0 12
+1 42 0 42
+1 42 0 42 0 0 5 0 0 5
+3 126 42
+4 42
-14 88 44
+10 6 2
164 2 0 0 1 0 0 1
+86 2 2 0 1 0 0 1
-94 2 0 2
+94 3

fl=(77)
fn=(270)
252 8 0 6 1 0 0 1
42 1 1 0 0 1 0 0 1
+9 1 1
-10 1
+4 1
-4 1
+3 1
+4 2
+1 2
-1 2 0 0 1 0 0 1
+14 2
254 8 7 0 1 0 0 1

fl=(13)
fn=(100)
46 5 0 3 1 0 0 1
+2 3 1
+40 2 0 1 1 0 1 1 0 1
cfi=(36)
cfn=(102)
calls=1 +32 
* 6 1 0 1 0 0 1
+15 1
-15 2
+20 1
-1 1
+3 12 3 0 1 1 0 1 1
+4 3 3
-2 6
+2 10
+3 1
-1 1
+1 3
-3 4 1
+7 3
-1 3 0 0 1 0 0 1
+4 3
-2 3
+2 12
+9 5 4

fl=(38)
fn=(108)
175 5 0 3 1 0 0 1
+1 1
-1 6 0 4 0 0 1 0 0 1
+1 1
-1 1 0 1 0 0 1 0 0 1
+1 1
-1 1 0 1
+1 1
-1 1 0 1 1 0 0 1
+1 2 0 2 0 0 1 0 0 1
cfi=(10)
cfn=(24)
calls=1 405 
* 21 4 1
* 1 1
+2 2 1 1
+1 3 1
+26 2
-26 1 0 1
+25 1 0 1
cfi=(39)
cfn=(110)
calls=1 29 
* 47 6 0 4 0 0 4
fi=(40) ./elf/./dl-hwcaps.h
54 1 0 1
fe=(38)
205 1 0 0 1 0 0 1
-1 1 0 1
fi=(40)
56 1 0 1
+32 1 0 1
+1 1 0 1
+1 1
fe=(38)
-35 2 0 1 1 0 0 1
cfi=(41)
cfn=(116)
calls=1 -4 
* 13 4 2 2 0 0 2
* 2
fi=(40)
-1 1
+2 2 1 1
-2 1 0 1
+34 2 1 1
+1 2 1 1
+1 1
fe=(38)
-32 2 2
-1 2
+1 2
+1 2
-1 2
-3 4 0 2
cfi=(41)
cfn=(116)
calls=2 -4 
* 114 21 12
* 2 0 1 1 0 0 1
cfi=(41)
cfn=(116)
calls=1 -4 
* 122 20 12 4 2 0 4 2
* 6
+48 5 0 3
fi=(28)
-47 1 1 1
cfi=(27)
cfn=(76)
calls=1 -21 
* 25 5 5
fe=(38)
+47 1 0 1
+2 2 0 0 1 0 0 1
+3 2 2
fi=(40)
-52 1 0 1
fe=(38)
+55 1
-3 1 0 1
fi=(40)
-54 2 1 1
+3 1
fe=(38)
+58 2 0 1 1 0 0 1
cfi=(41)
cfn=(122)
calls=1 -90 
* 12 4 2 2 0 0 2
* 2
fi=(40)
-61 1
+2 2 1 1
-2 1 0 1 1 0 0 1
+34 2 1 1
+1 2 1 1
+1 1
fe=(38)
+40 4 2
+1 2 2
-1 6 2 2
+2 2
+1 2
-2 6 0 2
-3 4 0 2
cfi=(41)
cfn=(116)
calls=2 -77 
* 114 21 12
* 2 0 1 1 0 0 1
cfi=(41)
cfn=(116)
calls=1 -77 
* 122 20 12
* 6
+8 2 1
+9 1 1
-15 1 1
+15 2 0 2
-15 1 0 1 1 0 0 1
+15 8 2
+9 2 2
+4 7 2 1 1 0 0 1
cfi=(43)
cfn=(124)
calls=1 22 
* 41 5 0 5 0 0 5
+1 2
+1 1
+4 1 1
+1 2 1
+1 1 0 1
-20 2
+19 1 0 1
+1 1 0 1
-20 2
-1 4 2 1 1 0 0 1
+70 1 1
+1 1 1
+4 1
-5 2 0 1
+1 4 1
+4 2 1
-4 1 0 1 1 0 0 1
+4 4 2
+1 1
-1 1
+1 2
+1 2
-2 5
+1 1
-1 1
+1 2
+1 2
-2 5
+5 1
+3 2 0 1 1 0 0 1
-3 2 0 1
+3 15 0 1 1 0 0 1
+7 1
-7 2 0 1
+2 3 1
+1 4 2 2 1 0 1 1 0 1
+2 1
fi=(215) ./elf/../sysdeps/x86/dl-hwcap.h
57 1
fe=(38)
233 2 0 1
fi=(215)
57 1
fe=(38)
233 2 0 1
fi=(215)
57 1
fe=(38)
233 1 0 1
+1 1 0 1 0 0 1 0 0 1
cfi=(22)
cfn=(60)
calls=1 41 
* 17 2 0 0 1 0 0 1
+1 1
+1 1 1
-6 1
+4 1 0 1
+1 1
-5 1 1
+5 1
+1 1
-1 2
-5 4 0 0 1 0 0 1
+10 3
-2 3 1
+2 1 0 1
+1 1 1 0 1 0 0 1
+1 1
-1 1 0 1
+4 4 1
+1 1 0 1
-1 1 0 1
+4 2 1
+4 1 1
-1 1 1
+1 4 2 1 1 0 0 1
-1 2
+4 3 3
+1 3 1
+19 10 3 3 1 0 1 1 0 1
+6 2
fi=(28)
56 1 1 1 1 0 0 1
cfi=(27)
cfn=(76)
calls=1 -21 
* 25 5 5
* 1 0 1
fe=(38)
283 2
+8 1 1
fi=(40)
54 1 1
+2 1 0 1
+34 1
-2 2 1 1
fe=(38)
-5 1
291 1
fi=(40)
54 1 0 1 1 0 0 1
+35 1 0 1
fe=(38)
291 1
fi=(40)
90 1
fe=(38)
-10 2 0 1 1 0 0 1
cfi=(41)
cfn=(116)
calls=1 -29 
* 13 4 2
* 2
fi=(40)
-26 2 1
+2 1 0 1
fe=(38)
+27 1
fi=(40)
-29 1 0 1
+34 2 1 1 1 0 0 1
+1 2 1 1
+1 1
fe=(38)
-8 2 0 2 0 0 1 0 0 1
+1 4 2
+7 2
-7 10 2 8 0 0 1 0 0 1
cfi=(29)
cfn=(128)
calls=2 199 
* 26 6 4 1 0 0 1
+4 2 0 2
+2 2 2
+2 2
-2 4 0 2
-9 4 0 2
cfi=(41)
cfn=(116)
calls=2 -29 
* 114 21 12
* 2 0 1 1 0 0 1
cfi=(41)
cfn=(116)
calls=1 -29 
* 122 20 12
* 6
304 1 1
+2 1 0 1
-2 1
-48 2 2
+72 1 0 1 1 0 0 1
-72 1
376 2 1
+13 2
-58 1 1
+45 1 0 1
+13 1 0 1
-58 1
-75 1 1
+82 1 1
+10 2 0 1 1 0 0 1
-92 1 0 1
+88 1 1
+4 3 1
-4 1 0 1
+3 7 2 2
-3 2 2 0 1 0 0 1
-3 1
+3 1 0 1
cfi=(29)
cfn=(128)
calls=1 199 
* 18 3 2 0 1 1 0 1 1
* 2 2
-3 1
+3 1 0 1
cfi=(29)
cfn=(128)
calls=1 199 
* 18 3 2
* 2 2
+3 2 2
-3 4 0 2
+3 5
+1 12 0 0 1 0 0 1
+1 2 2
-2 1
+2 1 0 1
cfi=(29)
cfn=(128)
calls=1 199 
* 15 3 2
* 2 0 1
-2 2
+5 8 4 2
cfi=(29)
cfn=(128)
calls=2 199 
* 30 6 4
* 4 0 2
+2 5 1 0 1 0 0 1
+5 6 1
+1 1 0 1
-1 3
+1 7 0 7 0 0 1 0 0 1
-1 25 2 0 1 0 0 1
+5 11 1
+4 1
-1 1
+1 2
-4 12
+4 2
-1 2
+1 13
-1 9
+1 18
+1 24 24 0 1 0 0 1
-1 12
-1 12
+2 24 0 12
-1 24
-1 24
+4 9
+3 1 1
+2 2 1
-1 1 0 0 1 0 0 1
-1 1
+2 1
-2 1
+2 2
-1 1
+1 2
+2 6
+1 2 2
+3 2 0 1
-6 2
+6 3 0 0 1 0 0 1
+7 8 3
+1 1
-1 2 0 1
+3 2
-3 3 3
+1 3
-1 6 0 3
+3 6
+3 4 2
-80 2 1 1
+86 9 8
-20 1 1 0 1 0 0 1
+1 2 0 1
-6 3
259 2 0 0 1 0 0 1
+1 2
+1 4 2 0 1 0 0 1
-1 3 1
+12 4 1
-44 2 0 1 1 0 0 1
+34 4 1 1 1 0 0 1
-2 3 0 0 2 0 0 2

fl=(79)
fn=(284) check_match
70 94 0 94 1 0 0 1
+3 94 94 0 0 24 0 0 22
-3 1128 188 376
+3 372 94 0 0 6 0 0 6
+13 92
-13 92 0 0 1 0 0 1
+13 92
-13 92
+13 276
+3 300 58 29 0 0 1
cfi=(32)
cfn=(90)
calls=29 +19 
* 1501 243 0 23 28 0 22 23
* 58
+4 92 92
+1 184
+2 180 0 0 1 0 0 1
+19 180 180 0 0 14 0 0 12
+1 720 270 0 0 4
-38 92 0 0 1 0 0 1
+84 552 552
-18 4
+2 4 4 0 0 2 0 0 2
+1 2
-1 4
+1 6
-1 4
+16 12 12
-45 270 180 90 1 3 1 1 0 1
cfi=(32)
cfn=(90)
calls=90 -9 
* 2335 632 0 0 7 0 0 1
* 180 0 0 1 0 0 1
-44 8
+82 4

fn=(282) do_lookup_x
363 792 0 594 2 0 2 2 0 1
+1 99 99 0 0 1
-1 495 198 297 0 0 2
+48 99
-30 198 0 99
-11 99 99
+41 99
-30 297 99 99 1 0 2 1 0 1
+30 99 0 99
fi=(80) ./elf/../sysdeps/generic/dl-protected.h
44 297
fe=(79)
381 99 0 99
fi=(80)
44 396 0 198
fe=(79)
395 942 314 0 1 2 0 1
+4 314 0 314
+4 314 314 0 0 3
-3 314 0 314
+3 1256 628 0 0 3
+1 942 628 314 1 1 0 1
+3 314 314
+1 628
+7 314 314
-3 628 628
-2 314 314 0 0 39 0 0 33
+5 1256 314
+3 2198
570 666
374 628 628 0 1 5 0 1
+3 628
+4 628
+4 628 314 0 0 3
+4 628 314 0 1 1 0 1
+88 184 92 0 1 0 0 1
fi=(4)
137 184 92 0 1 0 0 1
+1 276
fe=(79)
528 184
fi=(80)
29 184
fe=(79)
535 708 92
+16 184 92 92
+1 92 0 92
+1 184
422 392 0 0 1 0 0 1
-1 196 196 0 0 59 0 0 54
+2 196
+2 1176 294 490 1 0 0 1
+13 399
-10 1125 225 0 1 80 0 1 76
+3 94
-1 188 94
+1 94 94 94
-1 94
+2 188
-1 1128 376 470 1 0 2 1 0 1
cfn=(284)
calls=94 70 
* 9024 2599 589 29 88 2 28 66 1
+4 282
+3 4 2
573 7
+1 792 693 0 1 0 0 1
-35 21 7 0 1 1 0 1
-70 12 6 0 1 0 0 1
171 42 30 0 2 0 0 2
452 736 460 0 1 0 0 1

fn=(280)
840 990 0 594 1 0 2 1
+10 99 99
-10 198 0 198 0 0 2
+10 99
-10 99 0 99 1 0 0 1
+10 99 0 99 0 0 2
204 99 99
840 99 0 99
204 495 99 198
581 396 99 0 0 67 0 0 63
-1 198
+2 99 0 0 1 0 0 1
-1 99
+1 297
-1 297 99 0 0 3 0 0 3
+1 1279
-1 1279
+1 3837
-1 3837 1279 0 0 23 0 0 23
+2 99
846 99 0 99 0 0 1
-4 99
+1 99
+7 99 99
-8 99 0 99
+1 99 0 99
+7 369 90 0 1 0 0 1
+3 99 99
+2 198 198 0 0 2
-2 99
+6 198
-7 594 99 99 1 0 0 1
+7 35 7
+1 1386 594 693 1 0 2 1 0 1
cfn=(282)
calls=99 363 
* 34979 10963 4254 48 286 10 47 229 4
* 297
+28 99 99
-23 99 99
+23 99
-23 198
+24 536 88
+7 92 92 0 1 0 0 1
-7 92
+40 368 92
+79 184 92
-65 276 92 0 0 3
+3 276 92
-62 99 0 99 1 0 0 1
+69 891 693
-86 42 7 0 1 0 0 1
+18 21 0 0 1 0 0 1
+59 2 0 1 1 0 0 1

fl=(67)
fn=(220)
28 20 0 0 1 0 0 1
+1 40
cfi=(59)
cfn=(192)
calls=10 153 
* 98 10 9

fl=(49)
fn=(466)
40 6 0 3 2 0 0 2
+4 3
-4 3 0 3
+4 3
-4 3 0 3
+4 3
-4 6 0 3
+4 3 3
+1 3 3 0 0 1 0 0 1
+1 12 0 0 2 0 0 2
+4 18 15

fn=(154)
28 6 0 4 1 0 0 1
+2 1 1 0 1 0 0 1
-1 1 1
+1 2
+6 6 5 0 1 0 0 1

fn=(530) _dl_audit_preinit
117 1 0 0 1 0 0 1
+1 4 2

fn=(206)
76 2 0 0 1 0 0 1
+1 8 4

fn=(732)
96 4 0 0 1 0 0 1
+1 16 8

fl=(1) ???
fn=(0) 0x0000000000020290
0 2 0 1 1 0 1 1 0 1
cfi=(2)
cfn=(2)
calls=1 527 
0 143616 34089 12935 1010 1515 587 1004 1299 554
0 14 3 2 2 0 0 1
cfi=(144)
cfn=(474)
calls=1 77 
0 355 116 49 27 19 4 27 0 1
0 3
cob=(5)
cfi=(150)
cfn=(508)
calls=1 0 
0 143941295 35854921 18126303 500 16868004 32870 500 16861316 32861

fl=(130)
fn=(418)
95 8 4 4 1 2 3 1 0 2
+1 8 4 4 1 0 0 1
+1 4 0 4
+6 20 8 0 0 3
+1 119
+1 82 41 0 1 35 0 1 8
+2 12 8 4 0 1
+5 4 4

fl=(25)
fn=(68)
28 3 0 0 1 0 0 1
+1 3 3
+3 58 51
+13 48
-13 96
+2 100 50
+1 22 11 0 1 0 0 1
+5 2
-3 2
+3 2 0 2
+2 2 2
+7 1 1

ob=(3)
fl=(137) ./ctype/./ctype/ctype-info.c
fn=(442) __ctype_init
29 1 0 0 1 0 0 1
+2 7 5 1 0 3
+2 4 2 1
+2 4 2 1 1 0 0 1
+1 1 1

fl=(155) ./setjmp/../sysdeps/x86_64/setjmp.S
fn=(536) __sigsetjmp
30 1 0 0 1 0 0 1
+2 1 0 1
+9 1
+1 2 1
+1 1 0 1
+4 1 0 1
+1 1 0 1
+1 1 0 1
+1 1 0 1
+1 1
+2 2 1 0 1 0 0 1
+2 1 0 1
+1 1 1
+1 1
+2 2 1
+2 1 0 1
+5 1 1 0 0 1
+1 1
+17 1 0 0 1 0 0 1
cfi=(156) ./setjmp/./setjmp/sigjmp.c
cfn=(538) __sigjmp_save
calls=1 -56 
* 9 2 2

fl=(87)
fn=(302)
29 1 0 0 1 0 0 1
fi=(88) ./wcsmbs/../sysdeps/x86_64/multiarch/ifunc-wcslen.h
+5 4 2
-1 2
+2 3 1 0 1 0 0 1
+2 2
+4 3
+3 3
fe=(87)
-15 1 1

fl=(99)
fn=(332)
30 1
fi=(95) ./wcsmbs/../sysdeps/x86_64/multiarch/ifunc-avx2.h
+3 5 2 0 1 0 0 1
-1 2
+2 3 1
+2 2
+4 3
+3 4 0 0 1 0 0 1
fe=(99)
-13 1 1

fl=(128)
fn=(408)
31 1 0 0 1 0 0 1
fi=(124) ./string/../sysdeps/x86_64/multiarch/ifunc-evex.h
+4 5 2
-1 2
+2 3 1
+5 2 0 0 1 0 0 1
-3 2
+9 3
+3 4
fe=(128)
-19 1 1

fl=(173) ./stdlib/../sysdeps/unix/sysv/linux/getrandom.c
fn=(586) getrandom
28 1 0 0 1 0 0 1
+1 7 1 0 1 0 0 1
+1 1 1

fl=(165) ./nptl/./nptl/libc-cleanup.c
fn=(562) __libc_cleanup_push_defer
24 6 0 0 1 0 0 1
+3 12 6 6 0 1 0 0 1
+3 24 6 6 0 2 0 0 1
+1 6 0 6
+2 6 0 6
+1 6 6

fn=(618) __libc_cleanup_pop_restore
39 6 0 0 1 0 0 1
+3 12 6 6
+2 12 6 6
+1 12
+2 6 6

fl=(118)
fn=(380)
29 1 0 0 1 0 0 1
fi=(84) ./string/../sysdeps/x86_64/multiarch/ifunc-avx2.h
+4 5 2
-1 2 0 0 1 0 0 1
+2 3 1
+2 2
+4 3
+3 4
fe=(118)
-14 1 1

fl=(100)
fn=(336)
31 1 0 0 1 0 0 1
fi=(101) ./string/../sysdeps/x86_64/multiarch/ifunc-strcpy.h
+5 2 2
+1 1 1
-1 2
+1 2 0 0 1 0 0 1
+2 2
+4 3
+3 3 0 0 1 0 0 1
fe=(100)
-15 1 1

fl=(147) ./misc/./misc/init-misc.c
fn=(498) __init_misc
30 1 0 0 1 0 0 1
+1 2
-1 4 0 2 1 0 0 1
+1 3 1
+2 3 0 1
cob=(2)
cfi=(51)
cfn=(500) 0x00000000048755f0
calls=1 -33 
* 30 3 0 5 1 0 5
+4 5 1 1 0 0 1
+1 3 2 1
+2 4 3

fl=(195) ./stdlib/./stdlib/mul.c
fn=(682) __mpn_mul
48 17 1 9 2 0 1 2 0 1
+6 2
+12 2
+76 11 9
-71 1 1 0 0 1 0 0 1
+1 2 0 0 1 0 0 1
+9 1 0 1 1 0 0 1
cfi=(191) ./stdlib/../sysdeps/x86_64/mul_1.S
cfn=(672) __mpn_mul_1
calls=1 -50 
* 33 4 3 1 0 0 1
+2 3 1 1
+1 1 0 0 1 0 0 1
+4 2

fl=(146)
fn=(496)
46 4 0 1 1 0 0 1
+5 2 1 0 1 0 0 1
+4 5 4 0 0 2
+8 1 1 0 0 1
-2 1 0 1 0 0 1
+10 1
-9 1 0 1
+1 1 0 1 0 0 1 0 0 1
+9 2 1
-1 1
cfi=(147)
cfn=(498)
calls=1 -41 
* 55 10 5 7 1 1 7

fl=(127)
fn=(406)
31 1 0 0 1 0 0 1
fi=(216) ./string/../sysdeps/x86_64/multiarch/ifunc-strcasecmp.h
+1 5 2
fe=(127)
-1 1 1

fl=(136)
fn=(440)
33 7 1 2 1 0 0 1
+2 1 0 1
cfi=(137)
cfn=(442)
calls=1 -6 
* 17 10 3 2 3 0 2
+3 1 1 0 1 1 0 1
fi=(139) ./elf/../sysdeps/nptl/pthread_early_init.h
-5 2
fe=(136)
+8 1 0 1 0 0 1 0 0 1
-3 1 0 1 0 0 1 0 0 1
fi=(139)
-5 1 0 1
cfi=(138) ./resource/../sysdeps/unix/sysv/linux/getrlimit64.c
cfn=(444) getrlimit
calls=1 +5 
* 10 1 0 1 0 0 1
* 3
+1 6 1
+11 1 1 0 1 0 0 1
fi=(217) ./elf/../nptl/nptl-stack.h
+13 3 2 0 0 1
fi=(139)
-13 1 1
fi=(217)
+13 2
fi=(139)
-4 1 0 1 0 0 1 0 0 1
fi=(217)
+4 2
fi=(139)
-6 1
fi=(217)
+6 1
fi=(139)
-12 1
+6 6 0 1 1 0 0 1
+1 1 0 1
+4 1 0 1
cfi=(140) ./nptl/./nptl/pthread_mutex_conf.c
cfn=(448) __pthread_tunables_init
calls=1 -7 
* 884 280 141 16 8 13 16 0 2
fe=(136)
-10 3 2
+2 2 1
-2 1
cfi=(143) ./nptl/../sysdeps/unix/sysv/linux/x86/elision-conf.c
cfn=(462) __lll_elision_init
calls=1 +49 
* 147 31 13 3 10 1 3 5 1

fl=(102)
fn=(340)
31 2 0 0 1 0 0 1
fi=(103) ./wcsmbs/../sysdeps/x86_64/multiarch/ifunc-evex.h
+4 10 4 0 1 0 0 1
-1 4
+2 6 2
+5 4
-3 4
+9 6 0 0 1 0 0 1
+3 8
fe=(102)
-19 2 2

fl=(152) ./stdlib/./stdlib/cxa_atexit.c
fn=(512) __cxa_atexit
69 9 0 4 1 0 0 1
-28 2
+2 6 0 1 0 0 1
+1 2 0 1 1 0 0 1
cfn=(514) __new_exitfn
calls=1 +38 
* 32 7 6 4 2 0 4
+2 2
+10 1 1
+2 1 0 1
-5 3 1
+3 1 0 1
-1 1 0 1
+4 2 1 1
+1 1
-1 2 0 0 1 0 0 1
+12 6 4

fn=(514)
82 1 0 0 1 0 0 1
+6 2 1
-6 4 0 2
+11 4 1 0 0 1
-10 2
+12 4 1 0 1 1 0 1
-2 1 1
+10 1 0 1
-10 3
+45 1 0 1 1 0 0 1
+5 1
-4 1 0 1
+4 4 3
-18 1 0 1 1 0 0 1
-1 1
+1 1

fl=(176) ./misc/../sysdeps/unix/sysv/linux/brk.c
fn=(602) brk
35 2 0 0 1 0 0 1
+1 8 2 2
+1 4
+6 2
+1 2 2

fl=(181) ./stdlib/./stdlib/random.c
fn=(636) srand
209 2 0 1 1 0 0 1
+1 1
-1 1
+1 3 0 1 0 0 1 0 0 1
+1 3 0 1 1 0 0 1
cfi=(182) ./stdlib/./stdlib/random_r.c
cfn=(638) srandom_r
calls=1 -49 
* 6830 1555 652 5 2 2 5 2 2
+1 4 1 1
+1 2 2

fn=(646) random
288 262144 0 0 1 0 0 1
+3 131072
-3 393216 131072 131072 1 1 0 1 1
+3 262144 0 131072
+2 393216 0 131072
cfi=(182)
cfn=(648) random_r
calls=131072 +61 
* 4177392 1048576 393216 2 0 0 2
+2 524288 131072 131072
+2 131072 131072
+1 655360 393216 0 1 0 0 1

fl=(91)
fn=(310)
29 1 0 0 1 0 0 1
fi=(88)
+5 4 2
-1 2
+2 3 1 0 1 0 0 1
+2 2
+4 3
+3 3
fe=(91)
-15 1 1

fl=(106)
fn=(348)
29 1 0 0 1 0 0 1
fi=(218) ./string/../sysdeps/x86_64/multiarch/ifunc-sse4_2.h
+1 5 2 0 1 0 0 1
fe=(106)
-1 1 1

fl=(125)
fn=(400)
29 1 0 0 1 0 0 1
fi=(218)
+1 5 2
fe=(125)
-1 1 1

fl=(209) ./posix/../sysdeps/unix/sysv/linux/_exit.c
fn=(776) _Exit
27 2 1 0 1 0 0 1
+3 1
+1 2

fl=(189) ./nptl/./nptl/alloca_cutoff.c
fn=(666) __libc_alloca_cutoff
27 3 0 0 1 0 0 1
+1 27 3 0 1 1 0 1 1
+7 3 3

fl=(197) ./stdlib/./stdlib/cmp.c
fn=(692) __mpn_cmp
31 1 0 0 1 0 0 1
+4 2
+2 1 1
+1 1 1
+1 2 0 0 1 0 0 1
+8 5 1

fl=(202)
fn=(704)
77 1 0 0 1 0 0 1
+3 3 1
+2 1
+2 2 0 0 1 0 0 1
-7 2 0 1
+11 2
+79 1 1 0 1 0 0 1
+3 1 0 1
+2 1 0 1
+3 1
+2 1
+1 3 2
-81 2 0 0 1 0 0 1
+11 4 1 0 1 0 0 1
+4 1 1
+3 2 1
-71 1 1 0 1 0 0 1
+1 8 2
+1 1 0 1
+84 3 1
+1 2 0 1 1 0 0 1

fl=(148) ./string/../sysdeps/x86_64/multiarch/strrchr-avx2.S
fn=(502) __strrchr_avx2
46 1 0 0 1 0 0 1
+1 1
+1 1
+2 1
+1 1
+3 1
+1 1
+1 1
+2 1 1 0 0 1
+1 1
+1 1
+1 1
+1 1
+1 1 0 0 1 0 0 1
+2 1
+1 1
+12 1
+1 1
219 1 0 0 1 0 0 1
+1 1
+1 1
+1 1
+1 1
+2 1
+1 1
+1 1
+1 2 1 0 1 0 0 1

fl=(162) ./debug/./debug/printf_chk.c
fn=(554) __printf_chk
25 65 3 43 2 1 4 2 1 3
+7 3
-4 6
+4 6 0 3
-4 3
+5 3
-1 3 0 3
+1 3 3 0 0 1 0 0 1
-5 3
+4 3 0 3
+1 3 3 0 0 1 0 0 1
-1 3 0 3
+1 3 0 3 0 0 1 0 0 1
cfi=(163) ./stdio-common/./stdio-common/vfprintf-internal.c
cfn=(556) __vfprintf_internal
calls=3 1180 
* 6914 1438 985 139 35 20 139 35 20
-8 3 1 1 1 0 0 1
+7 1
-4 2
+4 2 0 1
-4 1
+5 1
-1 1 0 1
+1 1 1
-5 1
+4 1 0 1
+1 1 1
-1 1 0 1 1 0 0 1
+1 1 0 1
cfi=(163)
cfn=(556)
calls=1 1180 
* 3888 578 594 160 38 48 160 16 47
+4 20 12

fl=(177) ./stdio-common/./stdio-common/_itoa.c
fn=(610) _itoa_word
163 12 0 0 1 0 0 1
+3 24 0 0 1 0 0 1
+2 12
+9 180 12 12 1 2 0 1 2
+9 12 6 0 1 0 0 1

fl=(119)
fn=(384)
29 1 0 0 1 0 0 1
fi=(101)
+7 2 2
+1 1 1
-1 2
+1 2
+2 2 0 0 1 0 0 1
+4 3
+3 3
fe=(119)
-17 1 1

fl=(85)
fn=(298)
29 1 0 0 1 0 0 1
fi=(218)
+1 5 2 0 1 1 0 1
fe=(85)
-1 1 1

fl=(107)
fn=(350)
43 1
-6 5 2 0 1 0 0 1
+6 1 1

fl=(143)
fn=(462)
96 2 0 1 1 0 0 1
+5 1
-5 1
+5 1
-5 3 1 1
+5 3 0 1 1 0 0 1
cob=(2)
cfi=(51)
cfn=(450) 0x0000000004875650
calls=1 0 
* 22 5 1 0 2 0 0 1
+2 4 0 1
cob=(2)
cfi=(51)
cfn=(450)
calls=1 0 
* 22 5 1 0 2 0 0 1
+2 4 0 1
cob=(2)
cfi=(51)
cfn=(450)
calls=1 0 
* 22 5 1 0 2 0 0 1
+2 4 0 1
cob=(2)
cfi=(51)
cfn=(450)
calls=1 0 
* 22 5 1 0 1
+2 4 0 1 1 0 0 1
cob=(2)
cfi=(51)
cfn=(450)
calls=1 0 
* 22 5 1 0 2 0 0 1
+4 3 1 0 0 1 0 0 1
+1 1 0 1 0 0 1 0 0 1
+1 6 4

fl=(140)
fn=(448)
50 2 0 1 1 0 0 1
+1 2
-1 4 1 1 1 0 0 1
+1 3 0 1
cob=(2)
cfi=(51)
cfn=(450)
calls=1 -51 
* 840 270 136 14 7 13 14 0 2
+2 4 0 1
cob=(2)
cfi=(51)
cfn=(450)
calls=1 -53 
* 23 5 1 0 1
+2 6 4

fl=(120)
fn=(388)
29 1 0 0 1 0 0 1
fi=(121) ./wcsmbs/../sysdeps/x86_64/multiarch/ifunc-memcmp.h
+5 2 2
+1 1 1
-1 2
+1 2
+1 2 0 0 1 0 0 1
+1 3 1
+2 2
+4 3
+3 3 0 0 1 0 0 1
fe=(120)
-17 1 1

fl=(156)
fn=(538)
28 3 0 1
+2 2
-1 1 0 1
+5 3 2

fl=(178) ./string/../sysdeps/x86_64/multiarch/memmove-vec-unaligned-erms.S
fn=(614) __mempcpy_avx_unaligned_erms
294 21 0 0 1 0 0 1
+1 21
+1 21
+1 21
+17 21 0 0 1 0 0 1
+1 21
+42 21
+1 21
+2 19
+1 19
+2 17
+4 17
+1 17 0 0 1 0 0 1
+1 17
+1 17 17
+1 17
+1 8 8
+1 8 0 8
+2 8 0 8
+2 8 8
-2 9 0 9
+2 9 9
+17 2 2
+1 2 2
+1 2 0 2 0 0 1 0 0 1
+1 2 0 2 0 0 1 0 0 1
+2 2 2
+17 2 2 0 1 0 0 1
+1 2 2
+1 2 0 2
+1 2 0 2 0 0 1 0 0 1
+1 2 2

fn=(616) __memcpy_avx_unaligned_erms
307 2
+1 2
+6 2
+1 2
+42 2
+1 2
+36 2 2
+1 2 2
+1 2 0 2
+1 2 0 2
+2 2 2

fl=(183) ./stdlib/./stdlib/rand.c
fn=(644) rand
26 262144 0 0 1 0 0 1
+1 131072 0 131072 0 0 1 0 0 1
cfi=(181)
cfn=(646)
calls=131072 288 
* 6929904 1835008 917504 5 1 0 5 1
+1 262144 131072

fl=(171) ./malloc/./malloc/malloc.c
fn=(592) _int_malloc
1343 12 0 0 1 0 0 1
3771 6 0 6
1362 6
3771 48 0 30 1 0 0 1
1362 12
3904 1 0 0 1 0 0 1
+2 1 1
-2 1
+2 2
1362 12 0 0 1 0 0 1
3811 12 0 0 1 0 0 1
4397 12
3838 12 6
+63 12
+62 187 0 59 2 0 0 2
+1 15 5 0 1 0 0 1
4399 2 0 0 1 0 0 1
3903 1 0 1
4399 13 0 9 2 0 0 2
3983 1
+1 1 1
-1 2
-1 2 0 1
+2 2 1
-1 5
+1 5 5
-1 10
-1 10 0 5
+2 10 5
-2 15 5 5
+12 5
-6 5 0 5
+73 20 0 10
-67 16 5
-6 1 0 1
+73 4 0 2 1 0 0 1
-67 3 1
4413 54 42 0 2 0 0 2
4183 12 0 0 1 0 0 1
+2 15 5
+3 5 5
-3 5
+3 10
+68 12 6 0 1 0 0 1
+1 6
+1 6
-1 6
+1 6
+1 12 6
+1 18
+5 12 0 0 1 0 0 1
3963 16 0 4 1 0 0 1
4269 18 0 0 1 0 0 1
+3 4 1
-3 3
+3 4 1 0 1 0 0 1
-3 2
4369 6 6
+1 12 6
+2 12 6
+3 28 0 10 1 0 0 1
+17 15 5
3904 3 0 0 1 0 0 1
4380 1 0 0 1 0 0 1
-2 2 1 0 1 0 0 1
+2 1
-1 1 0 1
+6 1
-5 1
-3 1
+3 1
+2 1
-2 4 0 1
2005 1 1
4382 1 0 1 0 0 1 0 0 1
2005 2
4407 20 5 5 1 0 0 1
cfn=(594) sysmalloc
calls=5 2548 
* 651 159 107 33 2 6 33 1 6
* 5
+1 10
2005 15 5

fn=(624) sysmalloc_mmap.constprop.0
2420 12 0 12 1 0 0 1
+13 12
+5 8 0 0 1 0 0 1
+3 36 0 4
cfi=(179) ./misc/../sysdeps/unix/sysv/linux/mmap64.c
cfn=(626) mmap
calls=4 47 
* 36 4 0 1 0 0 1
* 4
+3 8 0 0 1 0 0 1
+4 8
2028 16 4
2466 12
+19 4
-1 4 0 4 0 0 4 0 0 4
+5 4
-4 8 0 4
+4 8 4 4 1 0 0 1
+1 20 4 4
+3 12 4 4
+1 20 4 4 1 0 0 1
+5 20 16

fn=(622) calloc
3624 8 0 4 1 0 0 1
+10 4
-10 16 0 12
+10 32 0 0 1 0 0 1
+8 8 4
+3 12 8
+2 12 4
+32 12 0 4 1 0 0 1
cfn=(592)
calls=4 1343 
* 996 196 180 7 0 4 7 0 4
+2 20 4 0 1 0 0 1
+3 12 4
+14 8 0 0 1 0 0 1
+11 4 4
+5 4 4
-2 8
+3 4
-1 8
+48 24 20
3657 4 4 0 1 0 0 1
+1 12 4 0 1 0 0 1
+7 4

fn=(590) tcache_init.part.0
3235 3 0 2 1 0 0 1
+9 8 2 1
+1 3 0 1 1 0 0 1
cfn=(592)
calls=1 1343 
* 367 77 58 46 2 2 46 1 2
* 1
+1 2
+8 4 1 1
+7 2
+2 1 1
+1 2
-1 1 0 1
+1 86 0 81 1 0 9 1 0 9
+3 4 3

fn=(594)
2548 45 0 30 1 0 0 1
+20 20 15 5
+11 10 0 0 1 0 0 1
+1 11 5 1 0 1 0 0 1
+26 1 1
+1 3 1
+1 1
+9 4
+6 3 0 0 1 0 0 1
+3 3
2941 2 1 0 1 0 0 1
+1 1 0 1
+5 2 1
+3 2
+5 2
-2 1
+2 1
-1 1 0 1
+1 1
-3 1
+3 1
+1 1
-1 3 0 1 1 0 0 1
+1 1 0 1 0 0 1 0 0 1
+2 2
2581 12 8
+4 12 4
+9 16 0 4
cfn=(624)
calls=4 2420 
* 252 40 40 6 0 4 6 0 4
+1 8
2964 55 45 0 1 0 0 1
2687 2 1 0 1 0 0 1
+9 4 1
+13 3 1
+8 5 0 1
+8 2 0 0 1 0 0 1
+39 2 1 0 1 1 0 1
+2 3 1 1
+6 2 0 0 1 0 0 1
+3 2 1 0 1 0 0 1
2896 1
-1 1 0 1
+1 3 0 1 0 0 1 0 0 1
+1 1 0 1
+11 2 0 0 1 0 0 1
fi=(172) ./malloc/./malloc/arena.c
565 1 0 1 1 0 0 1
fe=(171)
2727 1 0 1
cfi=(174) ./malloc/./malloc/morecore.c
cfn=(598) __glibc_morecore
calls=1 25 
* 57 14 8 6 0 0 6
+1 2 1
-1 1 0 0 1 0 0 1
+1 1
2028 1 1
2729 1 1
2028 1
2729 1
2028 2
2730 1
+3 2
+33 2 1
2610 2 0 0 1 0 0 1
2775 2 0 0 1 0 0 1
+40 3 0 0 1 0 0 1
+22 1
+1 1
-1 1
+1 6
+2 2 0 0 1 0 0 1
+1 3 0 2
cfi=(174)
cfn=(598)
calls=1 25 
* 28 10 4
+12 2 1
-12 1
+12 1
2028 4 1
2897 4 2 0 1 0 0 1
2765 2 0 1 1 0 0 1
-52 3 0 1 1 0 0 1

fn=(580) malloc
3287 6 0 3 1 0 0 1
+7 2 1 0 0 1 0 0 1
1362 4 0 0 1 0 0 1
3306 4 2
+13 3 1 0 1 0 0 1
+28 5 4
1362 1 0 0 1 0 0 1
3304 3 0 0 1 0 0 1
-63 4 2 1
cfn=(590)
calls=1 -6 
* 484 84 145 49 2 11 49 1 11
+68 2 1
+12 4 0 1 1 0 0 1
cfn=(592)
calls=1 1343 
* 142 22 25 5 0 1 5 0 1
+1 5 1
fi=(172)
162 2 0 0 1 0 0 1
315 1 0 1 1 0 0 1
cfn=(584) ptmalloc_init.part.0
calls=1 -2 
* 1128 71 160 11 18 35 11 6 34
fe=(171)
1343 2

fl=(94)
fn=(318)
31 2 0 0 1 0 0 1
fi=(95)
+2 10 4 0 1 0 0 1
-1 4
+2 6 2
+2 4
+4 6
+3 8 0 0 1 0 0 1
fe=(94)
-12 2 2

fl=(166) ./libio/./libio/fileops.c
fn=(564) _IO_file_xsputn@@GLIBC_2.2.5
1197 95 0 76 1 0 1 1 0 1
+7 19
-7 57 0 38
+6 76
+9 38 19
-2 76 19
+17 57 19
+1 18
+3 54
+2 18
+2 18
+2 36
-2 18
+1 18
+1 18
-2 18 0 18 0 0 1 0 0 1
cob=(2)
cfi=(51)
cfn=(612) 0x00000000048753e0
calls=18 0 
* 360 66 30 5 2 3 5 1 3
* 18 0 18
+4 36
+28 171 133 0 1 0 0 1
-36 1 0 0 1 0 0 1
+12 1 1
fi=(207) ./libio/./libio/libioP.h
940 3
+2 2 0 0 1 0 0 1
+1 2
fe=(166)
1243 3 1 1
cfn=(566) _IO_file_overflow@@GLIBC_2.2.5
calls=1 731 
* 1979 228 363 93 23 47 93 8 46
* 2
+6 2 2
+1 7
+2 2
+11 3 0 0 1 0 0 1
+1 4 0 1
cfi=(167) ./libio/./libio/genops.c
cfn=(608) _IO_default_xsputn
calls=1 371 
* 82 15 13 8 0 0 8
+2 3

fn=(606) _IO_do_write@@GLIBC_2.2.5
423 2 0 0 1 0 0 1
+2 6
+1 1 1
-3 1 0 1 1 0 0 1
fi=(207)
940 1
fe=(166)
423 2 0 2
fi=(207)
940 1
fe=(166)
423 1 0 1
fi=(207)
940 2
fe=(166)
423 5 0 2
+20 1 1
-10 2 1
+7 4 2 0 1 0 0 1
fi=(207)
942 2 0 0 1 0 0 1
+1 2
fe=(166)
448 4 1 1 0 1 0 0 1
cfn=(764) _IO_file_write@@GLIBC_2.2.5
calls=1 1173 
* 46 10 5 5 1 0 5 1
* 1
+1 5 1
+2 1 1
+4 2 1 0 1 0 0 1
-3 2 0 1
-1 2 0 2
+4 3 1
-2 1 0 1
-28 4
+1 8 7
+28 3 1 0 1 0 0 1

fn=(764)
1173 7 0 4 1 0 0 1
+2 6
+5 1 0 1
cfi=(208) ./io/../sysdeps/unix/sysv/linux/write.c
cfn=(766) write
calls=1 25 
* 9 2 0 2 0 0 2
+1 2
+5 1
+1 1
-12 2
+4 3 1 0 1 1 0 1 1
+1 2 1
+10 3 1
+3 6 5
-4 3 0 0 1 0 0 1

fn=(774) _IO_file_sync@@GLIBC_2.2.5
792 5 0 2 1 0 0 1
+5 4 2 0 1 0 0 1
+2 1 1
+1 2 1
+11 2 0 1 1 0 0 1
+4 4 3

fn=(572) _IO_file_stat
1146 1 0 0 1 0 0 1
+1 2 1
cfi=(169) ./io/../sysdeps/unix/sysv/linux/fstat64.c
cfn=(574) fstat
calls=1 29 
* 15 1 0 3 0 0 3

fn=(566)
731 10 0 6 1 0 0 1
+1 8 2
+7 8 2
+37 1 1
-2 4
-32 2 0 0 1 0 0 1
+12 2 0 0 1 0 0 1
+9 3 1
+5 3 1 2
+2 2
-3 2 0 1
+3 1 0 1
+1 1 1
-6 1 0 1
+1 1 0 1
+5 4 0 0 1 0 0 1
+16 2 2
-12 2
+1 2
+11 4 4
-12 2
cfn=(606)
calls=2 423 
* 115 28 16 11 2 0 11 2
-31 2 0 1 1 0 0 1
cfi=(167)
cfn=(568) _IO_doallocbuf
calls=1 343 
* 1923 217 351 87 23 47 87 8 46
+1 1 1
+9 1 1
-9 5 0 2

fn=(770) _IO_file_setbuf@@GLIBC_2.2.5
381 3 0 1 1 0 0 1
+1 1 0 1
cfi=(167)
cfn=(772) _IO_default_setbuf
calls=1 +70 
* 69 16 14 7 0 0 7
* 2
+3 1 1
+4 2
-2 3 0 3 1 0 0 1
+3 2 2

fl=(199) ./stdlib/./stdlib/exit.c
fn=(698) __run_exit_handlers
40 11 0 7 1 0 0 1
+5 2
+3 5 0 1 1 0 1 1 0 1
+50 1
-42 1 1 0 0 1 0 0 1
+2 3
+8 6 2 0 0 1 0 0 1
+2 1
+3 1
-3 1 0 1
+3 6 1 0 1 0 0 1
+34 1 0 0 1 0 0 1
+1 1 1
+1 1 1
-2 1 0 1
+7 1
-3 2 1 0 1 0 0 1
+3 3 1 1
+1 3 0 1
cob=(1)
cfi=(201)
cfn=(702)
calls=1 -82 
* 897 233 146 57 34 9 57 34 9
+1 4 0 1
+10 2 1 1 1 0 0 1
+1 2
-63 1 0 1
+69 4 1 1
+2 2 1
+1 6 1 1 1 1 0 1 1
cfi=(167)
cfn=(756) _IO_cleanup
calls=1 863 
* 508 132 105 38 11 0 38 11
* 3
+2 2 0 1
cfi=(209)
cfn=(776)
calls=1 27 
* 7 1 0 1 0 0 1
-90 1 0 1
cfi=(200) ./stdlib/./stdlib/cxa_thread_atexit_impl.c
cfn=(700) __call_tls_dtors
calls=1 149 
* 12 5 2 2 1 0 2 1
* 1

fn=(696) exit
142 3 1 1 1 0 0 1
+1 3 0 0 1 0 0 1
-1 1
+1 1 0 1
cfn=(698)
calls=1 40 
* 1503 383 272 105 49 10 105 49 10

fl=(205) ./posix/./posix/register-atfork.c
fn=(718) __unregister_atfork
76 4 0 2 1 0 0 1
+1 2
-1 2
+1 6 0 2 0 0 1 0 0 1
fi=(206) ./posix/../malloc/dynarray-skeleton.c
243 2 2
fe=(205)
65 4
+38 8 2 2 1 0 0 1
+1 4 4

fl=(164) ./string/../sysdeps/x86_64/multiarch/strchr-avx2.S
fn=(560) __strchrnul_avx2
51 13 0 0 1 0 0 1
+2 13
+1 13
+1 13
+1 13
+1 13
+3 13
+1 13
+4 13 13 0 0 4 0 0 4
+1 13
+1 13
+1 13
+1 13
+1 13
+1 13
+1 13 0 0 1 0 0 1
+6 13
+1 26 13

fl=(89)
fn=(306)
29 2 0 0 1 0 0 1
fi=(90) ./string/../sysdeps/x86_64/multiarch/ifunc-memset.h
+21 10 4
+3 6 2
+7 4 0 0 1 0 0 1
+9 4
+2 4
+10 4
+8 4
+2 10 2
fe=(89)

fl=(97)
fn=(324)
28 1 0 0 1 0 0 1
fi=(84)
+5 5 2
-1 2 0 0 1 0 0 1
+2 3 1
+2 2
+4 3
+3 4
fe=(97)
-15 1 1

fl=(174)
fn=(598)
25 2 0 0 1 0 0 1
+1 4 2
-1 2 0 0 1 0 0 1
+4 2 0 2
cfi=(175) ./misc/./misc/sbrk.c
cfn=(600) sbrk
calls=2 +8 
* 67 20 10 4 0 0 4
+1 4
+4 4 2

fl=(191)
fn=(672)
31 22 0 0 1 0 0 1
+1 22 0 22
+3 22
+1 22 22
+1 22
+1 22
+1 22
+2 22
+1 22
+2 22
+1 22
+1 22 0 0 1 0 0 1
+1 22
+1 20
+2 20
+1 20
+1 20 0 20
+1 20
+26 2 0 0 1 0 0 1
+1 2
+1 2
+1 2
+1 2
+1 2
+1 2 2
+1 2
+1 2
+26 2
+1 2
+1 2
+2 2 0 2
+1 2
+1 2
+1 2 0 2
+1 2
+1 2
+2 2 2
+3 2 2
-5 20 0 0 1 0 0 1
+2 20 20
+3 20 20

fl=(110)
fn=(358)
29 1 0 0 1 0 0 1
fi=(111) ./string/../sysdeps/x86_64/multiarch/ifunc-memcmp.h
+5 2 2
+1 1 1
-1 2
+1 2
+1 2 0 0 1 0 0 1
+1 3 1
+2 2
+4 3
+3 3 0 0 1 0 0 1
fe=(110)
-17 1 1

fl=(170) ./io/../sysdeps/unix/sysv/linux/fstatat64.c
fn=(576) fstatat
153 2 0 0 1 0 0 1
-55 2
+70 3 0 0 1 0 0 1
+1 1 1

fl=(122)
fn=(392)
33 1 0 0 1 0 0 1
fi=(101)
+3 2 2
+1 1 1
-1 2
+1 2
+2 2 0 0 1 0 0 1
+4 3
+3 3
fe=(122)
-13 1 1

fl=(160) ./stdlib/../stdlib/strtol_l.c
fn=(548) ____strtol_l_internal
225 6 0 4 1 0 0 1
+54 2
-54 8 0 4
+19 2
-19 6 0 4
+14 2 2
-14 2 0 2
+26 4
+31 8
+9 12 6 0 1 2 0 1 1
+2 4
+5 4 0 0 1 0 0 1
-1 2 0 2
+6 4
+4 4
+10 4
+10 8 0 2
-82 4 0 0 1 0 0 1
377 2
+56 8
309 2 2 0 0 1
449 2
+10 6 2
-10 2 0 2
+10 2
+12 4 0 0 1 0 0 1
-5 5
+5 5
+1 15
-41 10 5
+2 16
+2 15
+28 15 0 0 1 0 0 1
+3 10
+11 4
+5 6 2 0 1 0 0 1
+6 4
324 4 0 0 1 0 0 1
491 6 2 0 2 0 0 2
-2 4
+17 10 2
+18 16 14

fl=(169)
fn=(574)
29 2 0 0 1 0 0 1
+1 2
+5 3
cfi=(170)
cfn=(576)
calls=1 153 
* 8 1 0 2 0 0 2

fl=(96)
fn=(322)
61 1 0 0 1 0 0 1
-20 2 2
+1 1 1
-1 2
-1 2 0 0 1 0 0 1
+2 2
+2 2
+4 3
+3 3
+10 1 1

fl=(116)
fn=(374)
29 1 0 0 1 0 0 1
fi=(101)
+7 2 2
+1 1 1
-1 2
+1 2
+2 2 0 0 1 0 0 1
+4 3
+3 3
fe=(116)
-17 1 1

fl=(184) ./time/../sysdeps/unix/sysv/linux/clock_gettime.c
fn=(652) clock_gettime@@GLIBC_2.17
30 4 0 0 1 0 0 1
+8 8 8 0 0 4 0 0 4
+2 8
+28 8 0 0 1 0 0 1
+1 8
-25 4
+42 4 4

fl=(123)
fn=(396)
29 1 0 0 1 0 0 1
fi=(124)
+6 5 2 0 1 0 0 1
-1 2
+2 3 1
+5 2
-3 2
+9 3 0 0 1 0 0 1
+3 4
fe=(123)
-21 1 1

fl=(153) ./csu/../sysdeps/nptl/libc_start_call_main.h
fn=(532) (below main)
29 4 0 2 1 0 0 1
+15 1
-15 5 1 3
+15 1 0 1 1 0 0 1
cfi=(154) ./setjmp/../sysdeps/x86_64/bsd-_setjmp.S
cfn=(534) _setjmp
calls=1 -16 
* 34 7 10 4 1 0 4
* 1
+2 2
+5 2 1 1 0 1
+1 2 1 1 0 1
+3 2 0 1
+3 6 5 1 1 0 0 1
cob=(5)
cfi=(157)
cfn=(540)
calls=1 +9 
* 143938713 35854218 18125839 366 16867943 32852 366 16861263 32850
* 1
+16 1 0 1
cfi=(199)
cfn=(696)
calls=1 +68 
* 1511 384 274 107 49 10 107 49 10

fl=(138)
fn=(444)
38 2 0 0 1 0 0 1
+1 7
+1 1 1

fl=(200)
fn=(700)
149 4 0 2 1 0 0 1
+1 4 2 0 0 1 0 0 1
+18 4 3 0 1 0 0 1

fl=(98)
fn=(328)
29 2 0 0 1 0 0 1
fi=(93) ./string/../sysdeps/x86_64/multiarch/ifunc-memmove.h
+24 6 4
-1 4
+4 6 2 0 1 0 0 1
+14 4
+2 4
+8 4
+8 4 0 0 1 0 0 1
+2 10 2 0 1 0 0 1
fe=(98)

fl=(83)
fn=(294)
31 2 0 0 1 0 0 1
fi=(84)
+2 10 4 0 0 1
-1 4 0 0 1 0 0 1
+2 6 2
+2 4
+4 6
+3 8
fe=(83)
-12 2 2 0 1 0 0 1

fl=(112)
fn=(362)
31 2 0 0 1 0 0 1
fi=(113) ./wcsmbs/../sysdeps/x86_64/multiarch/ifunc-wmemset.h
+2 10 4
+1 6 2
+2 4
+8 6
+3 8 0 0 1 0 0 1
fe=(112)
-16 2 2

fl=(117)
fn=(378)
31 1 0 0 1 0 0 1
fi=(216)
+1 5 2
fe=(117)
-1 1 1

fl=(179)
fn=(626)
47 8 0 0 1 0 0 1
+3 8
+8 16
+2 4 4

fl=(92)
fn=(314)
29 1 0 0 1 0 0 1
fi=(93)
+24 3 2
-1 2
+4 3 1
+14 2
+2 2 0 0 1 0 0 1
+8 2
+8 2
+2 5 1 0 1 0 0 1
fe=(92)

fl=(104)
fn=(344)
66 1 0 0 1 0 0 1
-25 4 2 0 1 0 0 1
+1 3 1
+2 2
+5 3
+3 3
+14 1 1 0 1 0 0 1

fl=(172)
fn=(584)
313 1 0 1 1 0 0 1
fi=(171)
3162 3 0 0 1 0 0 1
fe=(172)
313 5 1 2
+5 1 0 1
fi=(171)
3162 2 0 1
cfi=(173)
cfn=(586)
calls=1 28 
* 9 2 0 2 0 0 2
* 2
fe=(172)
343 2 1 0 2 0 0 2
+4 3 1 1 0 1
fi=(171)
1966 4
+3 1
-3 1
+3 2 0 1 0 0 1 0 0 1
-3 2 0 0 1 0 0 1
+3 126
-3 126
+3 252 0 126 0 0 32 0 0 31
-3 252
fe=(172)
352 3
fi=(171)
1977 1 0 1 0 0 1 0 0 1
+1 1 0 1 0 0 1 0 0 1
+2 1 0 1
fe=(172)
352 1 0 1
cob=(2)
cfi=(51)
cfn=(450)
calls=1 0 
* 23 5 1 0 1
+1 4 0 1 1 0 0 1
cob=(2)
cfi=(51)
cfn=(450)
calls=1 0 
* 22 5 1 0 1
+1 4 0 1
cob=(2)
cfi=(51)
cfn=(450)
calls=1 0 
* 23 5 1 0 1
+1 4 0 1
cob=(2)
cfi=(51)
cfn=(450)
calls=1 0 
* 23 5 1 0 1
+1 4 0 1 1 0 0 1
cob=(2)
cfi=(51)
cfn=(450)
calls=1 0 
* 22 5 1 0 2 0 0 1
+1 4 0 1
cob=(2)
cfi=(51)
cfn=(450)
calls=1 0 
* 23 5 1 0 1
+1 4 0 1
cob=(2)
cfi=(51)
cfn=(450)
calls=1 0 
* 23 5 1 0 1
+2 4 0 1 1 0 0 1
cob=(2)
cfi=(51)
cfn=(450)
calls=1 0 
* 23 5 1 0 2 0 0 1
+1 4 0 1
cob=(2)
cfi=(51)
cfn=(450)
calls=1 0 
* 23 5 1 0 2 0 0 1
+1 4 0 1
cob=(2)
cfi=(51)
cfn=(450)
calls=1 0 
* 23 5 1 0 1
+3 4 0 1
cob=(2)
cfi=(51)
cfn=(450)
calls=1 0 
* 23 5 1 0 1
+1 4 0 1 1 0 0 1
cob=(2)
cfi=(51)
cfn=(450)
calls=1 0 
* 23 5 1 0 2 0 0 2
+1 2 1 0 0 1 0 0 1
+63 7 5

fl=(196) ./stdlib/../sysdeps/x86_64/rshift.S
fn=(684) __mpn_rshift
28 4 0 0 1 0 0 1
+1 4
+1 4
+1 4
+13 4 0 0 1 0 0 1
+1 4
+16 4 0 0 1 0 0 1
+1 4 4
+1 4 4
+1 4
+1 4
+1 4
+1 4
+5 4
+1 4 0 4
+1 4
+1 4 0 4
+1 4 4

fl=(114)
fn=(366)
29 1 0 0 1 0 0 1
fi=(84)
+4 5 2 0 1 0 0 1
-1 2
+2 3 1
+2 2
+4 3
+3 4 0 0 1 0 0 1
fe=(114)
-14 1 1

fl=(180) ./string/../sysdeps/x86_64/multiarch/memset-vec-unaligned-erms.S
fn=(632) __memset_avx2_unaligned_erms
181 512 0 0 1 0 0 1
+1 1536
+5 512
+1 512
+1 512
+1 512
+69 512 512 0 1 0 0 1
+1 512
+23 512 0 512 0 0 1 0 0 1
+1 512 0 512 0 0 512 0 0 512
+5 512
+3 512
+1 512
+3 512 0 512
+1 512 0 512 0 0 512 0 0 512
+13 512
+1 512
+2 512
+3 512
+3 512
+3 512 0 512 1 0 0 1
+1 512 0 512
+1 512 0 512 0 0 512 0 0 512
+1 512 0 512
+1 512
+1 512
+1 512
-6 7168 0 7168 0 0 7168 0 0 7168
+1 7168 0 7168
+1 7168 0 7168 0 0 7168 0 0 7168
+1 7168 0 7168
+1 7168
+1 7168
+1 7680
+3 512 0 512
+1 512 0 512
+1 512 0 512
+1 512 0 512 0 0 512 0 0 512
+3 1024 512

fl=(126)
fn=(402)
33 1 0 0 1 0 0 1
fi=(93)
+20 3 2
-1 2
+4 3 1
+14 2
+2 2 0 0 1 0 0 1
+8 2
+8 2
+2 5 1 0 1 0 0 1
fe=(126)

fl=(149)
fn=(504)
83 1 0 0 1 0 0 1
+1 4 2 0 0 1
+1 3 2 0 1 0 0 1
+1 3 2 0 0 2
+2 1 1

fl=(194) ./string/../sysdeps/x86_64/multiarch/strlen-avx2.S
fn=(680) __strlen_avx2
50 3
+13 3
+1 3
+1 3
+3 3
+2 3
+1 3
+3 3 3 0 1 1 0 1 1
+1 3
+8 3
+1 3
+1 3
+5 6 3

fl=(154)
fn=(534)
28 1 0 0 1 0 0 1
+2 1
+2 1
cfi=(155)
cfn=(536)
calls=1 -2 
* 31 7 10 3 1 0 3

fl=(115)
fn=(370)
31 1 0 0 1 0 0 1
fi=(84)
+2 5 2
-1 2
+2 3 1 0 1 0 0 1
+2 2
+4 3
+3 4
fe=(115)
-12 1 1

fl=(203)
fn=(706)
367 1 0 0 1 0 0 1
51 3 1
+1 2 0 0 1 0 0 1
367 1
57 2
+8 1 0 1
-3 1 0 1
-23 1 1
+1 2
+30 1
369 2 1
40 3 1
+1 2 0 1
+33 2 0 0 1 0 0 1
+6 4 1 0 1 0 0 1
+4 3 2
+3 3 0 1 1 0 0 1

fl=(86)
fn=(300)
65 1 0 0 1 0 0 1
-24 2 2
+1 1 1
-1 2
+1 2 0 0 1 0 0 1
+2 2
+5 3
+3 3 0 0 1 0 0 1
+13 1 1

fl=(108)
fn=(352)
29 1 0 0 1 0 0 1
fi=(101)
+7 2 2
+1 1 1
-1 2
+1 2
+2 2 0 0 1 0 0 1
+4 3
+3 3
fe=(108)
-17 1 1

fl=(185) ./stdio-common/./stdio-common/printf_fp.c
fn=(656) __printf_fp
1278 3 0 0 1 0 0 1
+1 3 3
-1 6
+1 9 3
cfn=(658) __printf_fp_l
calls=3 216 
* 4718 997 656 126 15 10 126 15 10

fn=(670) hack_digit
170 96 0 48 1 0 0 1
+3 86 31
+2 20 20
+2 40 40
-2 40
+8 18 0 0 1 0 0 1
+21 27 0 9
cfi=(191)
cfn=(672)
calls=9 31 
* 189 27 18
+1 18
+1 40 16 16
+4 45 27
-23 63 18 9 1 0 0 1
cfi=(198) ./stdlib/./stdlib/divrem.c
cfn=(694) __mpn_divrem
calls=9 46 
* 403 106 98 4 0 2 4 0 2
+2 9 9
-2 9
+2 27 18 9
+1 9 9
+2 18 9 9
+1 54 18
+7 18
-23 11 0 0 1 0 0 1
+1 33
-1 11 11
+1 11 0 11 1 0 0 1
cfi=(191)
cfn=(672)
calls=11 31 
* 231 33 22 3 0 0 3
* 11 0 11
+31 11
+1 55 33
-37 42 7 7
+37 20 12

fn=(658)
216 48 3 27 2 0 2 2 0 2
+50 3 3
-9 3 0 3
+17 3 0 3 1 0 0 1
-8 9
+32 3 3
-21 3
-11 6 0 3
+11 6
fi=(186) ./stdio-common/../include/../locale/localeinfo.h
+38 9 6 3 0 2 1 0 2 1
fe=(185)
-35 6 3 3
+18 6 0 0 1 0 0 1
+8 3 0 3
-72 3 0 3
-1 3 0 3
388 3 3
-1 6
+5 6 0 0 1 0 0 1
+4 21 9 0 2 2 0 2 2
1272 36 27 0 1 0 0 1
396 18 0 3 2 0 1 2 0 1
cfi=(187) ./stdlib/../sysdeps/ieee754/dbl-64/dbl2mpn.c
cfn=(662) __mpn_extract_double
calls=3 33 
* 66 3 12 2 0 0 2
* 12
+36 3 3
+5 3
-49 3 0 3
+44 12
+1 3
+1 6
+3 36 0 0 2 0 0 2
+1 3
-1 3
+1 9
-1 3
+1 6
-1 3 0 3
+1 24 0 3 1 0 1 1 0 1
+1 3
-1 6 0 3
+1 39 0 3 1 0 0 1
+6 3 0 3
-6 6 0 3 1 0 0 1
+7 6
+17 1
+4 4
-4 2
+16 2 0 0 1 0 0 1
+11 1 0 0 1 0 0 1
-41 1
+10 1
+31 1 1
-30 7 0 1
+33 3 2
+41 1 1
+1 2 1
-1 1 0 1
+1 3 0 1
cob=(2)
cfi=(51)
cfn=(690) 0x0000000004875620
calls=1 0 
* 13 4 2 1 1 0 1 1
+16 4 2
+9 12 0 0 1 0 0 1
+2 24
-74 24 24
-4 12
+4 49 1 0 1 0 0 1
-4 1
+4 4
+15 1 1
-13 2
+64 5 2 2 2 0 0 2
cob=(2)
cfi=(51)
cfn=(690)
calls=1 0 
* 13 4 2
+1 3 3
+1 3
+1 1
+3 1
-5 1
+1 1
+1 2
-1 1
+1 1
+5 2 0 0 1 0 0 1
+1 2 1 1
+6 2
+4 1 1
+4 1 1
-4 1 1
+4 2
-4 10 2 0 1 0 0 1
+6 2
831 3 3 0 1 0 0 1
+10 3 3 0 0 1 0 0 1
-10 3 3
+10 3 3
+6 3 3
-16 3 0 3
+10 6 3
+6 3 0 3
-6 6 3 3 0 1 0 0 1
+2 6 0 0 1 0 0 1
+10 6 3
+48 2 1 0 1 0 0 1
+14 6 2 0 1 0 0 1
+1 3 3
-1 12 3 3 1 0 0 1
+7 3
fi=(190) ./stdio-common/../sysdeps/pthread/allocalim.h
27 6 0 3
cfi=(189)
cfn=(666)
calls=3 * 
* 33 6 0 2 1 0 2 1
+2 9 3
fe=(185)
932 54 0 12 2 0 0 2
+4 3 3
-3 3
+3 8 1
+3 10 4 0 1 0 0 1
-6 8
+9 6 0 2 0 0 1 0 0 1
cfn=(670)
calls=2 170 
* 160 42 25 12 0 2 12 0 2
* 3 0 1
cfn=(670)
calls=1 170 
* 108 31 20
* 3 0 3
-3 6
+3 8 2 2 1 0 0 1
+4 12 6
+2 4 2
-4 2
+4 2 0 2
+14 2 2 0 1 0 0 1
-2 6 0 2
+1 8 0 4
+1 4 2
+1 4
-1 1 1
-2 3 0 1
+1 4 0 2
+1 2 1
+1 8 3
+3 18 0 0 1 0 0 1
-1 18
+2 18
-1 18 0 18
cfn=(670)
calls=18 170 
* 1178 314 188
* 18 0 18
+3 36
-7 54 18
+1 51 0 0 1 0 0 1
437 6 0 3 1 0 0 1
963 9 3 0 1 0 0 1
+15 9 6
+1 12 0 9 1 0 0 1
cfn=(670)
calls=3 170 
* 219 57 34
+2 9 6
-2 3
+2 15
+2 3 1
+3 2 1 0 1 0 0 1
-3 1 1
+8 8 2
-9 1
fi=(192) ./stdio-common/../sysdeps/generic/get-rounding-mode.h
94 1 0 1
+1 4 1 0 1 0 0 1
-1 2 0 2
+1 17 2
fi=(193) ./stdio-common/../include/rounding-mode.h
-43 10
+6 2
fe=(185)
1097 3
+7 2
+3 9 3 0 2 0 0 2
+13 9 3 0 1 0 0 1
+46 6 6 0 1 0 0 1
+2 6 0 0 1 0 0 1
-2 13 3
+2 10 2 2
+2 16 4 0 1 0 0 1
+3 2 0 0 1 0 0 1
+1 3 1
+6 1 1
-2 1
+2 16 7 0 1 0 0 1
+8 3 3 0 1 0 0 1
+7 3 3
-7 6
+7 6 3
+5 9 3 6 1 0 0 1
cob=(2)
cfi=(51)
cfn=(678) 0x0000000004875490
calls=3 0 
* 48 9 0 2 1 0 2 1
+2 6 6
-2 3
+2 6
+5 9 3 0 1 0 0 1
+2 3 3
-2 3 0 3
+2 6
+11 48 0 6 1 0 0 1
+7 36 9 9 1 0 0 1
+3 44
+3 44 0 22
-6 66
+1 75 25 0 1 0 0 1
+1 6 3
-2 3
+2 3 0 3
cob=(2)
cfi=(51)
cfn=(612)
calls=3 0 
* 60 9 3
* 3
-2 6
+10 18 15 0 1 0 0 1
+17 15
+3 9 3 0 1 0 0 1
+11 9 6
1008 2 2 0 1 0 0 1
-5 6 2
+5 2
-1 2
+1 8 2 0 1 0 0 1
+5 4 2
+4 4 0 2 1 0 0 1
+11 4 2
+69 6
+70 1 1
+1 2 0 0 1 0 0 1
-1 1
+1 1
+2 1
-2 1 0 1
+2 5 2
260 2
649 4 0 0 1 0 0 1
825 4 0 1 0 0 1 0 0 1
cfi=(188) ./stdlib/../sysdeps/x86_64/lshift.S
cfn=(664) __mpn_lshift
calls=1 28 
* 16 2 1 2 0 0 2
* 1
+1 5 2 2 1 0 0 1
+1 2 0 1
551 3 2 1
cfi=(197)
cfn=(692)
calls=1 31 
* 12 3 0 2 0 0 2
+3 1 1
-3 2
856 1 1 0 1 0 0 1
+2 1
-1 1 0 1
+10 1 0 1
-11 2 0 1
-16 2 0 1
1175 6 0 0 1 0 0 1
855 3 0 3 1 0 0 1
-7 3
+8 12 0 3
+3 12 3 3 1 0 0 1
+2 2 2
+40 2 2
-43 2
-1 2 0 2
+4 2
+2 4 0 2
-7 2 2
+5 2 0 2 1 0 0 1
-5 2 0 2
+45 4
665 3 0 0 1 0 0 1
+5 1
-5 1 0 1
cfi=(188)
cfn=(664)
calls=1 28 
* 16 2 1
+5 1 1
-18 1 0 1
+10 1
+3 1
+1 1 1
+24 1 0 1
-20 1
-4 4 1 2 1 0 0 1
+3 1 0 1
+1 2 0 1
+23 3 2 0 1 0 0 1
+1 2
+3 2 1
+1 1
-1 2 1
+1 1
+8 1 1
-7 2
+7 1
-9 1
+2 1
-2 1
+2 1
+7 2
+22 3
+61 12 0 0 1 0 0 1
-2 12
+2 46
675 12 0 0 1 0 0 1
+2 24 12 0 0 4 0 0 4
+7 1 1 0 0 1 0 0 1
+1 2 1
-1 1 1
+4 1 1
-4 1
+2 1 1
-2 2
+6 4 0 1 1 0 0 1
cfi=(195)
cfn=(682)
calls=1 48 
* 75 16 14 6 1 1 6 1 1
* 1
+5 3 0 1
+42 2
-1 1
+1 2 0 1
+5 3 0 0 1 0 0 1
-6 1 0 1
+6 1
+3 3 1
1174 7 2 2 1 0 0 1
+3 4 0 0 1 0 0 1
+77 362 75 50 2 0 0 2
883 6 0 0 1 0 0 1
474 1
-2 1
+2 1
-3 2
+3 2
-3 1
+3 2
-3 1 0 1
cfi=(188)
cfn=(664)
calls=1 28 
* 16 2 1
+4 9 2 1 1 0 0 1
+1 2
+1 5 1 2
260 4 0 0 1 0 0 1
956 2 1 0 1 0 0 1
-1 2 0 1 1 0 0 1
-1 1 0 1
+2 1 0 1
835 2 0 1
643 2 0 1
791 3 1 0 2 0 0 2
+4 5 3 1
cfi=(191)
cfn=(672)
calls=1 31 
* 33 4 3
+4 2 1
+1 1
-4 1 1
+4 2 1
-4 1 0 1
+3 1 1 0 1 0 0 1
+1 4
+9 1 1
+1 1 0 1
-1 1 0 1
+4 6 1 1 1 0 0 1
1203 6
868 3 0 1 1 0 0 1
-89 2 0 1 1 0 0 1
cfi=(196)
cfn=(684)
calls=1 28 
* 18 3 2 3 0 0 3
+3 1 1
+7 1 1
-7 3 0 1
608 1 0 0 1 0 0 1
-3 1
+3 7 0 0 1 0 0 1
+16 2
+2 1
-2 1 0 1
cfi=(196)
cfn=(684)
calls=1 28 
* 18 3 2
+3 2 1
-1 1
+1 1 1
-1 1 0 1
+1 3 0 1
cfi=(196)
cfn=(684)
calls=1 28 
* 18 3 2
+2 6 3 0 1 0 0 1
808 3 1 1 1 0 0 1
cfi=(196)
cfn=(684)
calls=1 28 
* 18 3 2
* 1
-62 2 0 0 1 0 0 1
+10 1
-3 1
+3 5 1
+13 3

fl=(187)
fn=(662)
33 9 0 0 1 0 0 1
+4 6
-2 3
+2 3 0 3
+1 15 0 3
+9 6
+9 3 0 0 1 0 0 1
-9 3 0 3
+9 6
+47 3
+4 3
-4 3 0 3
+4 3 3

fl=(208)
fn=(766)
25 1 0 0 1 0 0 1
+1 7 1 0 1 0 0 1
+1 1 1

fl=(167)
fn=(758) _IO_flush_all_lockp
686 12 1 7 2 0 0 2
+5 6 0 3
cfi=(165)
cfn=(562)
calls=1 24 
* 10 3 4
+1 9 3 2 1 0 0 1
+3 1 1 0 0 1 0 0 1
-8 1
+5 2 0 1
+3 2
fi=(207)
940 4 0 0 1 0 0 1
fe=(167)
706 1 1
fi=(207)
942 2
+1 2
fe=(167)
706 3 1 1
cfi=(166)
cfn=(566)
calls=1 +25 
* 133 33 19 10 2 0 10 2
+1 3
+2 6 0 0 1 0 0 1
+2 3 0 3
-16 9 3 0 0 2 0 0 2
+2 3 0 3 1 0 0 1
+1 6
+3 20 9 0 2 4 0 2 4
+14 9 2 3
+1 2 0 1 1 0 0 1
cfi=(165)
cfn=(618)
calls=1 39 
* 8 3 2
+4 12 9

fn=(568)
343 1 0 0 1 0 0 1
+1 2 1
-1 3 0 3
+3 4 1
+1 1 1
fi=(207)
940 3 0 0 1 0 0 1
+2 2
+1 2
fe=(167)
347 2 1 1 0 1
cfi=(168) ./libio/./libio/filedoalloc.c
cfn=(570) _IO_file_doallocate
calls=1 78 
* 1897 209 347 84 22 47 84 8 46
* 2
+3 4 4 0 1 0 0 1

fn=(604) _IO_setb
329 9 0 2 1 0 0 1
+1 4 2 0 1 0 0 1
+5 2
-3 1 0 1
+3 4 0 1
+3 4 3

fn=(608)
371 1 0 0 1 0 0 1
+3 2
-3 8 0 4
fi=(207)
940 1
fe=(167)
371 1 0 1
fi=(207)
940 1
fe=(167)
371 1 0 1
fi=(207)
940 1
fe=(167)
371 2
+18 2 0 0 1 0 0 1
+8 1
+2 2
-20 4 2 0 1 0 0 1
+2 3
+3 2
+20 1 0 0 1 0 0 1
-29 1
+29 7 7
-11 10 0 0 1 0 0 1
+1 2 1 1 1 0 0 1
-1 2
+1 2 1 1
-1 2
+1 2 1 1
-1 2
+1 2 1 1
-1 2
+1 2 1 1
-1 2
+1 8 1 2 2 0 0 2
-1 3

fn=(756)
863 2 0 1 1 0 0 1
+3 1
-3 9 1 6
-77 1
+80 1 0 1
cfn=(758)
calls=1 686 
* 269 69 49 19 9 0 19 9
-80 2 0 1 1 0 0 1
+80 1
-80 3 0 2
cfi=(165)
cfn=(562)
calls=1 24 
* 10 3 4
+1 9 3 2 1 0 0 1
+3 1 1
-3 2 0 1
+3 2
fi=(207)
940 4
fe=(167)
838 3 0 3
-48 9 3
+9 9 3 0 1 1 0 1 1
+2 6 2
+6 13 4 3 1 0 0 1
+8 5 2 0 1 1 0 1 1
+9 1 1
fi=(207)
942 2
+1 2
fe=(167)
824 4 1 1
cfi=(166)
cfn=(770)
calls=1 381 
* 83 19 19 9 0 0 9
+2 3 1
+4 5 1 0 1 0 0 1
+1 8 2 3
+11 9 2 3 1 0 0 1
+1 2 0 1
cfi=(165)
cfn=(618)
calls=1 39 
* 8 3 2
+35 12 9
-59 1 1 0 1 0 0 1
-2 1
+3 1 0 1
-3 1 0 1
+2 3 1 1 1 0 0 1

fn=(772)
452 2 0 1 1 0 0 1
fi=(207)
940 1
fe=(167)
452 2 0 1 1 0 0 1
fi=(207)
940 1
fe=(167)
452 1 0 1
fi=(207)
940 1
fe=(167)
452 4 0 1
+1 1 1
fi=(207)
942 2
+1 2
fe=(167)
453 2 1 1
cfi=(166)
cfn=(774)
calls=1 792 
* 18 7 3 3 0 0 3
* 2
+4 1 1
330 1 1 0 1 0 0 1
462 1
-7 2
332 2
+5 1
-5 1
+5 1 0 1
467 1
332 1 0 1
466 4 0 3
+2 6 5
-11 1 0 0 1 0 0 1
+1 2
-1 1 0 1
330 4

fl=(188)
fn=(664)
28 3 0 0 1 0 0 1
+1 3
+1 3
+2 3
+1 3
+1 3
+12 3 0 0 1 0 0 1
+1 3
+1 3 3
+1 3
+1 3
+1 3
+1 3
+6 3
+1 3 0 3
+1 3 3

fl=(198)
fn=(694)
46 117 0 72 1 0 1 1 0 1
+3 18
+13 9 9 0 1 0 0 1
+1 9 9
-16 9 0 9 0 0 1 0 0 1
+18 18
+7 59 8 0 1 0 0 1
+1 8 8
-1 16
+1 16 0 8
-1 16
+4 18
+3 9 0 9 1 0 0 1
234 81 72

fl=(163)
fn=(556)
1180 48 0 36 2 0 2 2 0 2
+30 20 12 8 0 1 1 0 1 1
+8 13 4 1 1 0 0 1
+4 20 8 0 0 2 0 0 2
+11 8
+11 4 4
fi=(219) ./stdio-common/./stdio-common/printf-parse.h
111 8 4
fe=(163)
1244 20 8 12 1 0 1 1 0 1
fi=(219)
111 4 0 4
cob=(2)
cfi=(51)
cfn=(558) 0x00000000048754d0
calls=4 0 
* 84 12 0 3 5 0 3 4
fe=(163)
1259 4 0 4
fi=(219)
111 4 0 4 0 0 1 0 0 1
fe=(163)
1259 12 0 4
239 4 4 0 1 0 0 1
fi=(220) ./stdio-common/../libio/libioP.h
940 4
fe=(163)
1263 4 4
fi=(220)
942 4
-2 4 4 0 0 2 0 0 1
fe=(163)
1263 4 4
fi=(220)
940 8 0 4
+2 8
+1 8
fe=(163)
239 16 8 4 1 2 0 1 1
cfi=(166)
cfn=(564)
calls=4 1197 
* 2315 298 413 106 24 51 106 9 50
* 8
127 36
1263 8
+4 12 8 0 1 0 0 1
+4 32 12 4 1 4 0 1 3
1532 4 4
1214 4 0 4
+34 4 0 4
-8 4 0 4
1532 12 0 4
+23 4
-39 4
+39 4
-39 4 0 4
+39 8 0 4 1 0 0 1
1313 135 27 0 1 4 0 1 4
+39 9 9
-51 9
-1 9
-1 9
-1 9
+5 9
1501 9
fi=(219)
88 9
fe=(163)
1352 9 9 0 0 1 0 0 1
-46 9 0 9 1 0 0 1
-4 9 0 9
+50 9 0 9
1501 9
1295 9 0 9
-1 9 0 9
-1 9 0 9
-1 9 0 9
-1 9 0 9
+16 18 0 9 1 0 0 1
1608 8 4 0 1 0 0 1
+1 8 4
+3 48 36
-4 36 12 12 1 0 0 1
1499 6 0 0 1 0 0 1
+33 6 3
+3 102 24 18 2 0 1 2 0 1
+20 6
1218 6
+41 16 4 8 1 1 0 1 1
cfi=(165)
cfn=(562)
calls=4 24 
* 40 12 16 1 3 0 1 2
+1 52 20 12 1 4 0 1 3
-1 8 0 4 1 0 0 1
1609 8 0 4
cfi=(165)
cfn=(618)
calls=4 39 
* 32 12 8 1 0 0 1
+2 4
-56 33 12 6 1 0 0 1
+9 6 0 0 1 0 0 1
-80 1 0 0 1 0 0 1
-5 8 1
-1 1 0 0 1 0 0 1
+1 8 2 0 0 1 0 0 1
+37 78 6 18 2 0 0 2
cfi=(177)
cfn=(610)
calls=6 163 
* 240 18 12 4 2 0 4 2
* 174 62 0 6 0 0 6
192 12
+47 6 6 0 1 0 0 1
fi=(220)
942 18
+1 12 6
fe=(163)
239 24 6 6
cfi=(166)
cfn=(564)
calls=6 1197 
* 404 82 58 4 1 0 4
* 12
127 78 0 0 1 0 0 1
1517 12
-54 6 0 0 1 0 0 1
+53 12
+73 9 0 0 1 0 0 1
fi=(219)
111 9
fe=(163)
1583 9 0 9
fi=(219)
111 18 0 9
cob=(2)
cfi=(51)
cfn=(558)
calls=9 0 
* 189 27 0 0 1 0 0 1
fe=(163)
239 9 9
fi=(220)
942 9
fe=(163)
1593 9
fi=(219)
111 9
fi=(220)
942 9
fe=(163)
1593 9
fi=(220)
942 9
+1 18 9
fe=(163)
239 36 9 9 1 0 0 1
cfi=(166)
cfn=(564)
calls=9 1197 
* 596 123 87 1 0 1 1 0 1
* 18
127 117 0 0 1 0 0 1
1593 18
+2 22 9
-79 106 26 6 5 0 0 5
192 12
1556 3 0 0 1 0 0 1
351 3
+1 3
1556 3 0 3
352 6
-1 6
1559 6
127 21
354 3 0 3 1 0 0 1
cfi=(185)
cfn=(656)
calls=3 1278 
* 4739 1003 656 127 15 10 127 15 10
* 3
1392 12 12 0 1 0 0 1
1516 132 14 12 6 0 0 6

fl=(151)
fn=(510)
242 12 0 6 1 0 0 1
343 3
+1 3 0 1
cfi=(152)
cfn=(512)
calls=1 69 
* 71 14 16 7 2 1 7
+25 6 2 1 1 0 0 1
+6 2 2
-3 2
+10 2 1 1
cob=(2)
cfi=(51)
cfn=(526) 0x00000000048756d0
calls=1 0 
* 836 267 135 3 5 7 3 4 1
+2 2
+8 4 0 1
cfi=(153)
cfn=(532)
calls=1 29 
* 143940286 35854617 18126134 480 16867995 32862 480 16861312 32860
128 2 2 0 1 0 0 1
+6 3 1 0 0 1
+1 6 2 2
cob=(2)
cfi=(51)
cfn=(516) 0x0000000000109000
calls=1 0 
* 7 2 0 1 0 0 1
* 1 1
+3 1 1
+1 2
+3 2 2 0 1 1 0 1
+1 2 2
-1 1
+2 7 0 1
+1 4 1 2
cob=(5)
cfi=(150)
cfn=(520)
calls=1 0 
* 12 1 0 3 0 0 3
-1 4 1 0 1 0 0 1

fl=(81)
fn=(290)
86 1 0 0 1 0 0 1
fi=(82) ./string/../sysdeps/x86/cacheinfo.h
-25 1 1
+3 3 1 0 0 1
+2 1
+1 1 0 1 1 0 1 1 0 1
-1 2 0 1
+7 3 1
+2 1
+1 1 0 1
-1 2 0 1
+5 2 1 1 1 0 1 1 0 1
+2 2 1 1 0 0 1 0 0 1
+1 2 1 1 0 1
+1 2 1 1
+2 2 1
fe=(81)
* 2 1

fl=(109)
fn=(356)
31 1 0 0 1 0 0 1
fi=(216)
+1 5 2
fe=(109)
-1 1 1 0 1 0 0 1

fl=(182)
fn=(638)
162 1 0 0 1 0 0 1
+8 2
+2 1 1 0 0 1 0 0 1
+1 2
+7 2
-4 1 1
+4 2 0 1 0 0 1 0 0 1
+1 2
+5 1 1
+16 1
+1 1
-16 5 0 0 1 0 0 1
+5 8
+2 1
-1 2
+1 2 0 0 1 0 0 1
+2 3
+1 2 0 1
-10 2
+5 232
+2 29
-1 58
+1 58
+2 87
+1 58 0 29 0 0 1 0 0 1
-10 58
+13 6 1 1 0 1 0 0 1
+3 1
362 930 310 0 1 0 0 1
+9 310 310
-1 310 310
+2 310 310
+3 620 310 310
+3 310
+4 310
-3 620
+8 600
+3 1200 0 300 1 0 0 1
203 600
390 40 0 10
203 20
+7 22 1

fn=(648)
354 131072 0 0 1 0 0 1
+3 524288
+5 131072 131072
-2 131072 131072
+2 262144
+8 131072 131072
+1 131072 131072
+1 131072 131072 0 1 0 0 1
+3 262144 262144
+3 131072
+4 131072
-7 131072 0 131072
+2 262144 0 131072
+2 262144
+8 253688
-27 4228
+27 4228
+3 8456
+3 4228
-3 4228
+8 4228
-8 4228 0 4228
+8 4228 4228
-8 253688
+3 126844
-3 126844
+8 126844
-8 126844 0 126844
+8 372076 126844

fl=(204) ./stdlib/./stdlib/cxa_finalize.c
fn=(716) __cxa_finalize
30 4 0 2 1 0 0 1
+3 4
-3 14 0 10
+3 8 0 2 1 0 0 1
+3 6 2
+4 12 2
-4 6 2 0 1 0 0 1
+58 8 2 0 0 1 0 0 1
+4 12 2 0 0 1 0 0 1
-4 6 2 0 1 0 0 1
+11 4
+1 4 0 2
cfi=(205)
cfn=(718)
calls=2 -30 
* 32 8 6 2 0 1 2 0 1
+1 8 2 2
+1 16 14 0 1 0 0 1

fl=(105)
fn=(346)
31 1
fi=(216)
+1 5 2 0 1 0 0 1
fe=(105)
-1 1 1

fl=(159) ./stdlib/../stdlib/strtol.c
fn=(546) strtol
105 2 0 0 1 0 0 1
+1 8 4
cfi=(160)
cfn=(548)
calls=2 225 
* 259 37 20 10 3 0 10 1

fl=(168)
fn=(570)
78 9 1 4 1 0 0 1
+6 4 2 0 1 0 0 1
fi=(207)
940 3
+2 2
+1 2
fe=(168)
84 3 1 1 0 1
cfi=(166)
cfn=(572)
calls=1 1146 
* 18 2 0 4 0 0 4
* 2
+2 4 1 0 1 0 0 1
+11 4 1
+4 2 0 1
cob=(2)
cfi=(51)
cfn=(578) 0x0000000004875380
calls=1 0 
* 1804 190 336 74 21 47 74 8 46
* 1
+1 2
+2 4 0 1
cfi=(167)
cfn=(604)
calls=1 329 
* 24 5 4 2 0 0 2
+1 1 0 0 1 0 0 1
+1 8 6

fl=(175)
fn=(600)
37 4 0 2 1 0 0 1
+6 2 2
-6 2 0 2
+3 2 2
-3 4 0 2
+3 2 2
+3 2
+20 1 1
+15 10 8
-20 4 0 0 1 0 0 1
+1 2 0 1
cfi=(176)
cfn=(602)
calls=1 -24 
* 9 2 1 1 0 0 1
* 2
+4 1 1
-1 4
+4 4 0 0 1 0 0 1
+8 1 0 1
cfi=(176)
cfn=(602)
calls=1 -39 
* 9 2 1
* 2

ob=(2)
fl=(51)
fn=(642)
0 262144 131072 0 0 1 0 0 1
cob=(3)
cfi=(183)
cfn=(644)
calls=131072 26 
0 7585264 1966080 1048576 6 1 1 6 1 1

fn=(742) 0x000000000483f040
0 2 1 0 1 0 0 1
cob=(3)
cfi=(204)
cfn=(716)
calls=1 30 
0 72 18 12

fn=(558)
0 26 13 0 1 2 0 1 1
cob=(3)
cfi=(164)
cfn=(560)
calls=13 51 
0 247 26 0 2 4 0 2 4

fn=(734)
0 3 0 1 2 0 0 2
cob=(4) /usr/libexec/valgrind/vgpreload_core-amd64-linux.so
cfi=(145) ???
cfn=(736) 0x00000000000010e0
calls=1 0 
0 105 28 18 5 2 0 5 2
0 2 1

fn=(690)
0 4 2 0 1 1 0 1 1
cob=(3)
cfi=(178)
cfn=(616)
calls=2 307 
0 22 6 4

fn=(164)
0 6 3 0 1 0 0 1
cob=(1)
cfi=(52)
cfn=(166)
calls=3 175 
0 8972 1813 1059 208 75 104 208 75 104

fn=(478)
0 6 1 1 1 0 0 1
cob=(4)
cfi=(145)
cfn=(482) 0x0000000000001170
calls=1 0 
0 12 1 0 3 0 0 3
0 1 0 1
cob=(4)
cfi=(145)
cfn=(490) 0x00000000000012f0
calls=1 0 
0 5 2 0 2 0 0 2
0 2 1

fn=(578)
0 2 1 0 1 0 0 1
cob=(3)
cfi=(171)
cfn=(580)
calls=1 3287 
0 1802 189 336 73 21 47 73 8 46

fn=(620)
0 8 4
cob=(3)
cfi=(171)
cfn=(622)
calls=4 3624 
0 1212 256 200 14 0 4 14 0 4

fn=(630)
0 1024 512 0 1 0 0 1
cob=(3)
cfi=(180)
cfn=(632)
calls=512 181 
0 68608 1024 34816 3 0 16385 3 0 16385

fn=(634)
0 2 1
cob=(3)
cfi=(181)
cfn=(636)
calls=1 209 
0 6846 1558 656 7 2 3 7 2 3

fn=(714)
0 2 1
cob=(3)
cfi=(204)
cfn=(716)
calls=1 30 
0 72 18 12 7 2 1 7 2 1

fn=(650)
0 8 4 0 0 2 0 0 2
cob=(3)
cfi=(184)
cfn=(652)
calls=4 30 
0 44 12 0 2 4 0 2 4

fn=(516)
0 7 2 0 1 0 0 1

fn=(612)
0 42 21 0 1 2 0 1 1
cob=(3)
cfi=(178)
cfn=(614)
calls=21 294 
0 378 54 33 4 0 3 4 0 3

fn=(160)
0 2 1 0 1 0 0 1
cob=(1)
cfi=(52)
cfn=(162)
calls=1 225 
0 2782 596 296 115 35 34 115 35 34

fn=(450)
0 38 19 0 1 0 0 1
cob=(1)
cfi=(10)
cfn=(24)
calls=19 405 
0 391 76 19 0 27 0 0 9
cob=(1)
cfi=(141)
cfn=(456)
calls=1 67 
0 813 263 133 11 6 13 11 0 2
0 5 2 2 2 0 0 2

fn=(500)
0 2 1 0 1 0 0 1
cob=(3)
cfi=(148)
cfn=(502)
calls=1 46 
0 28 2 0 4 1 0 4

fn=(526)
0 2 1 0 1 1 0 1
cob=(1)
cfi=(49)
cfn=(530)
calls=1 117 
0 5 2 0 1 0 0 1
cob=(1)
cfi=(141)
cfn=(456)
calls=1 67 
0 824 262 133 0 4 7 0 4 1
0 5 2 2 1 0 0 1

fn=(544)
0 4 2 0 1 0 0 1
cob=(3)
cfi=(159)
cfn=(546)
calls=2 105 
0 269 41 20 11 3 0 11 1

fn=(552)
0 8 4 0 0 1 0 0 1
cob=(3)
cfi=(162)
cfn=(554)
calls=4 25 
0 10946 2040 1643 303 76 73 303 54 71

fn=(678)
0 6 3 0 1 0 0 1
cob=(3)
cfi=(194)
cfn=(680)
calls=3 50 
0 42 6 0 1 1 0 1 1

fn=(730)
0 4 1 0 1 0 0 1

ob=(4)
fl=(145)
fn=(490)
0 5 2 0 2 0 0 2

fn=(736)
0 11 3 4 2 2 0 2 2
cob=(2)
cfi=(51)
cfn=(742)
calls=1 0 
0 74 19 12 1 0 0 1
0 10 1 1 1 0 0 1
cfn=(748) 0x0000000000001070
calls=1 0 
0 5 1 0 1 0 0 1
0 5 4 1

fn=(748)
0 5 1 0 1 0 0 1

fn=(482)
0 12 1 0 3 0 0 3

totals: 144085283 35889129 18139290 1540 16869538 33462 1533 16862615 33417
